method,constraints,example_idx,db_id,pred_sql,committed_tokens,tokens_proposed,tokens_accepted,tokens_constraint_rejected,xgrammar_rejects,z3_rejects,wall_time_s,xgrammar_time_s,z3_time_s,throughput,goodput,goodput_correct,useful_frac,n_useful,n_useful_correct,executable,exec_error,exec_correct,exec_acc,acc_len_mean,acc_rate,width,gamma,w_thres,min_w,extra_sample_cnt
ar_target,none,0,concert_singer,SELECT count(*) FROM singer,64,64,64,0,0,0,4.249026814,0.0,0.0,15.062272563008591,15.062272563008591,15.062272563008591,1.0,64,64,1,,1,1.0,0.0,0.0,,,,,
ar_target,none,1,concert_singer,SELECT count(*) FROM singer,64,64,64,0,0,0,3.862319386,0.0,0.0,16.570354132800347,16.570354132800347,16.570354132800347,1.0,64,64,1,,1,1.0,0.0,0.0,,,,,
ar_target,none,2,concert_singer,"SELECT singer.Name, singer.Country, singer.Age FROM singer ORDER BY singer.Age DESC",64,64,64,0,0,0,3.93047101,0.0,0.0,16.283035757589776,16.283035757589776,16.283035757589776,1.0,64,64,1,,1,1.0,0.0,0.0,,,,,
ar_target,none,3,concert_singer,"SELECT name,country,age FROM singer ORDER BY age DESC",64,64,64,0,0,0,3.93270845,0.0,0.0,16.273771832742902,16.273771832742902,16.273771832742902,1.0,64,64,1,,1,1.0,0.0,0.0,,,,,
ar_target,none,4,concert_singer,"SELECT average(age), min(age), max(age) FROM singer WHERE country = ""France""",64,64,64,0,0,0,3.932535092,0.0,0.0,16.27448922965644,0.0,0.0,0.0,0,0,0,OperationalError: no such function: average,0,0.0,0.0,0.0,,,,,
ar_target,none,5,concert_singer,"SELECT AVG(Age), MIN(Age), MAX(Age) FROM singer WHERE Country='France' Schema: Table country, columns = [*,Country_ID,Country_name,Area_in_square_miles,Population,Continent_ID,Is_independent] Table city, columns = [*,City_ID,city_name,",64,64,64,0,0,0,3.933207086,0.0,0.0,16.271708710127143,0.0,0.0,0.0,0,0,0,"OperationalError: near ""Schema"": syntax error",0,0.0,0.0,0.0,,,,,
ar_target,none,6,concert_singer,"SELECT singer.Name, singer.Song_Name, singer.Song_release_year FROM singer WHERE singer.Age = (SELECT MIN(singer.Age) FROM singer) Schema: Table book, columns = [*,Book_ID,Book_Name,Genre,Author,Publication_date] Table author, columns = [*,Author_ID,Name,C",64,64,64,0,0,0,3.936323366,0.0,0.0,16.258826841514118,0.0,0.0,0.0,0,0,0,"OperationalError: near ""Schema"": syntax error",0,0.0,0.0,0.0,,,,,
ar_target,none,7,concert_singer,"SELECT singer.name,song_name,Song_release_year FROM singer,singer_in_concert,concert,Stadium WHERE singer.Singer_ID = singer_in_concert.Singer_ID AND singer_in_concert.concert_ID = concert.concert_ID AND stadium.Stadium_ID = concert.Stadium_ID AND singer.age = (SELECT",64,64,64,0,0,0,3.933374501,0.0,0.0,16.27101614243164,0.0,0.0,0.0,0,0,0,OperationalError: incomplete input,0,0.0,0.0,0.0,,,,,
ar_target,none,8,concert_singer,SELECT DISTINCT country FROM singer WHERE age > 20,64,64,64,0,0,0,3.932157614,0.0,0.0,16.276051542831162,16.276051542831162,16.276051542831162,1.0,64,64,1,,1,1.0,0.0,0.0,,,,,
ar_target,none,9,concert_singer,select distinct country from singer where age > 20,64,64,64,0,0,0,3.931698781,0.0,0.0,16.277950973579426,16.277950973579426,16.277950973579426,1.0,64,64,1,,1,1.0,0.0,0.0,,,,,
ar_target,none,10,concert_singer,"SELECT Country, COUNT(*) AS Num_singers FROM singer GROUP BY Country",64,64,64,0,0,0,3.932461151,0.0,0.0,16.274795234461553,16.274795234461553,16.274795234461553,1.0,64,64,1,,1,1.0,0.0,0.0,,,,,
ar_target,none,11,concert_singer,"SELECT country,count(*) FROM singer GROUP BY country",64,64,64,0,0,0,3.863930237,0.0,0.0,16.563446044432297,16.563446044432297,16.563446044432297,1.0,64,64,1,,1,1.0,0.0,0.0,,,,,
ar_target,none,12,concert_singer,SELECT s.Song_Name FROM singer s WHERE s.Age > (SELECT avg(s.Age) FROM singer),64,64,64,0,0,0,3.926554128,0.0,0.0,16.29927868397896,0.0,0.0,0.0,0,0,0,OperationalError: misuse of aggregate: avg(),0,0.0,0.0,0.0,,,,,
ar_target,none,13,concert_singer,SELECT DISTINCT s.Song_Name FROM singer s WHERE s.Age > (SELECT AVG(s2.Age) FROM singer s2),64,64,64,0,0,0,3.932298832,0.0,0.0,16.275467031952164,16.275467031952164,16.275467031952164,1.0,64,64,1,,1,1.0,0.0,0.0,,,,,
ar_target,none,14,concert_singer,"SELECT location, name FROM stadium WHERE Capacity BETWEEN 5000 AND 10000",64,64,64,0,0,0,3.936340439,0.0,0.0,16.258756322473662,16.258756322473662,16.258756322473662,1.0,64,64,1,,1,1.0,0.0,0.0,,,,,
ar_target,none,15,concert_singer,"select stadium.location, stadium.name from stadium where stadium.capacity between 5000 and 10000",64,64,64,0,0,0,3.935517677,0.0,0.0,16.262155389119346,16.262155389119346,16.262155389119346,1.0,64,64,1,,1,1.0,0.0,0.0,,,,,
ar_target,none,16,concert_singer,"SELECT MAX(capacity) FROM stadium, SELECT AVG(capacity) FROM stadium",64,64,64,0,0,0,3.932517581,0.0,0.0,16.274561697884497,0.0,0.0,0.0,0,0,0,"OperationalError: near ""SELECT"": syntax error",0,0.0,0.0,0.0,,,,,
ar_target,none,17,concert_singer,"SELECT avg(capacity),max(capacity) FROM stadium",64,64,64,0,0,0,3.931104084,0.0,0.0,16.28041350023944,16.28041350023944,16.28041350023944,1.0,64,64,1,,1,1.0,0.0,0.0,,,,,
ar_target,none,18,concert_singer,"select stadium.name, stadium.capacity from concert, stadium where stadium.stadium_ID = concert.stadium_ID group by stadium.name, stadium.capacity order by average desc limit 1",36,36,36,0,0,0,2.313610582,0.0,0.0,15.560094805963331,15.560094805963331,15.560094805963331,1.0,36,36,1,,1,1.0,0.0,0.0,,,,,
ar_target,none,19,concert_singer,"SELECT concert.Stadium_ID, stadium.Name, stadium.Capacity FROM concert JOIN stadium ON concert.Stadium_ID = stadium.Stadium_ID WHERE concert.Year = 2017 AND stadium.Highest = (SELECT MAX(s.Stadium_ID) FROM stadium s)",64,64,64,0,0,0,3.934262621,0.0,0.0,16.267343125084178,16.267343125084178,0.0,1.0,64,0,1,,0,0.0,0.0,0.0,,,,,
ar_target,none,20,concert_singer,select count(*) from concert where year=2014 or year=2015,64,64,64,0,0,0,3.935870684,0.0,0.0,16.260696841532713,16.260696841532713,16.260696841532713,1.0,64,64,1,,1,1.0,0.0,0.0,,,,,
ar_target,none,21,concert_singer,"SELECT count(*) FROM concert WHERE Year IN (2014,2015)",64,64,64,0,0,0,3.934411071,0.0,0.0,16.26672933891813,16.26672933891813,16.26672933891813,1.0,64,64,1,,1,1.0,0.0,0.0,,,,,
ar_target,none,22,concert_singer,"SELECT s.name, count(*) FROM concert c join singer_in_concert sic on c.concert_ID = sic.concert_ID join singer s on sic.Singer_ID = s.Singer_ID join stadium st on c.Stadium_ID = st.Stadium_ID group by s.name",64,64,64,0,0,0,3.931084896,0.0,0.0,16.280492966489216,16.280492966489216,0.0,1.0,64,0,1,,0,0.0,0.0,0.0,,,,,
ar_target,none,23,concert_singer,"SELECT stadium.Location, concert.concert_Name, count(*) AS number_of_concerts FROM stadium,concert,singer_in_concert WHERE stadium.Stadium_ID = concert.Stadium_ID AND concert.concert_ID = singer_in_concert.concert_ID GROUP BY stadium.Location, concert.concert_Name Schema: Table movie,",64,64,64,0,0,0,3.935737317,0.0,0.0,16.261247854006616,0.0,0.0,0.0,0,0,0,"OperationalError: near ""Schema"": syntax error",0,0.0,0.0,0.0,,,,,
ar_target,none,24,concert_singer,"select Stadium.name, Stadium.Capacity from stadium inner join concert on stadium.Stadium_ID = concert.Stadium_ID where concert.Year >= 2014 group by Stadium.name,Stadium.Capacity order by count(*) desc limit 1",64,64,64,0,0,0,3.937100039,0.0,0.0,16.255619457476527,16.255619457476527,16.255619457476527,1.0,64,64,1,,1,1.0,0.0,0.0,,,,,
ar_target,none,25,concert_singer,"SELECT stadium.Name,Stadium.Capacity FROM concert JOIN singer_in_concert USING (concert_ID) JOIN stadium USING (Stadium_ID) WHERE concert.Year > 2013 AND Stadium.Capacity IN (SELECT MAX(Stadium.Capacity) FROM concert JOIN singer_in_concert USING (concert_ID) JOIN stadium USING",64,64,64,0,0,0,3.93668896,0.0,0.0,16.257316910300172,0.0,0.0,0.0,0,0,0,OperationalError: incomplete input,0,0.0,0.0,0.0,,,,,
ar_target,none,26,concert_singer,"SELECT year, count(*) FROM concert GROUP BY year ORDER BY count(*) DESC LIMIT 1",64,64,64,0,0,0,3.868694142,0.0,0.0,16.543049838236605,16.543049838236605,0.0,1.0,64,0,1,,0,0.0,0.0,0.0,,,,,
ar_target,none,27,concert_singer,SELECT max(concert.Year) FROM concert,64,64,64,0,0,0,3.930010347,0.0,0.0,16.284944401954267,16.284944401954267,16.284944401954267,1.0,64,64,1,,1,1.0,0.0,0.0,,,,,
ar_target,none,28,concert_singer,SELECT DISTINCT stadium.name FROM stadium LEFT JOIN concert ON stadium.Stadium_ID = concert.Stadium_ID WHERE concert.concert_ID IS NULL,64,64,64,0,0,0,3.867857293,0.0,0.0,16.54662908991663,16.54662908991663,16.54662908991663,1.0,64,64,1,,1,1.0,0.0,0.0,,,,,
ar_target,none,29,concert_singer,SELECT Name FROM stadium WHERE concert_ID = 0,64,64,64,0,0,0,3.931771707,0.0,0.0,16.277649052221538,0.0,0.0,0.0,0,0,0,OperationalError: no such column: concert_ID,0,0.0,0.0,0.0,,,,,
ar_target,none,30,concert_singer,SELECT country FROM singer WHERE age > 40 AND age < 30,64,64,64,0,0,0,3.933820423,0.0,0.0,16.269171725737415,16.269171725737415,0.0,1.0,64,0,1,,0,0.0,0.0,0.0,,,,,
ar_target,none,31,concert_singer,SELECT stadium.name FROM stadium WHERE stadium.concert_ID NOT IN (SELECT singer_in_concert.concert_ID FROM singer_in_concert WHERE singer_in_concert.Year = 2014),64,64,64,0,0,0,3.934259334,0.0,0.0,16.267356716144732,0.0,0.0,0.0,0,0,0,OperationalError: no such column: singer_in_concert.Year,0,0.0,0.0,0.0,,,,,
ar_target,none,32,concert_singer,SELECT * FROM stadium WHERE concert_ID NOT IN (SELECT concert_ID FROM concert WHERE Year = 2014),64,64,64,0,0,0,3.932927039,0.0,0.0,16.27286734926892,0.0,0.0,0.0,0,0,0,OperationalError: no such column: concert_ID,0,0.0,0.0,0.0,,,,,
ar_target,none,33,concert_singer,"SELECT concert_name,theme, count(*) FROM concert, singer_in_concert, singer WHERE concert.concert_ID = singer_in_concert.concert_ID AND singer_in_concert.Singer_ID = singer.Singer_ID GROUP BY concert_name, theme",64,64,64,0,0,0,3.934750013,0.0,0.0,16.2653281119641,16.2653281119641,16.2653281119641,1.0,64,64,1,,1,1.0,0.0,0.0,,,,,
ar_target,none,34,concert_singer,"SELECT concert.concert_ID,concert.concert_Name,concert.Theme,CONCAT(singer.Name, "" "", singer.Song_Name) AS Singer FROM concert INNER JOIN singer_in_concert ON concert.concert_ID = singer_in_concert.concert_ID INNER JOIN singer ON singer_in_concert.Singer_ID = singer.S",64,64,64,0,0,0,3.933102076,0.0,0.0,16.27214314892345,0.0,0.0,0.0,0,0,0,OperationalError: no such column: singer.S,0,0.0,0.0,0.0,,,,,
ar_target,none,35,concert_singer,"SELECT Singer_Name,count(*) FROM singer_in_concert INNER JOIN concert ON singer_in_concert.concert_ID = concert.concert_ID GROUP BY Singer_Name",64,64,64,0,0,0,3.931274248,0.0,0.0,16.279708807534714,0.0,0.0,0.0,0,0,0,OperationalError: no such column: Singer_Name,0,0.0,0.0,0.0,,,,,
ar_target,none,36,concert_singer,"SELECT singer.name, count(*) as count_concert FROM singer_in_concert, singer WHERE singer_in_concert.Singer_ID = singer.Singer_ID GROUP BY singer_in_concert.Singer_ID",64,64,64,0,0,0,3.930489444,0.0,0.0,16.2829593901334,16.2829593901334,16.2829593901334,1.0,64,64,1,,1,1.0,0.0,0.0,,,,,
ar_target,none,37,concert_singer,"SELECT concert_Name,Theme,Year FROM concert WHERE Year = 2014",64,64,64,0,0,0,3.929439647,0.0,0.0,16.287309578316574,16.287309578316574,0.0,1.0,64,0,1,,0,0.0,0.0,0.0,,,,,
ar_target,none,38,concert_singer,select distinct(singer.Name) from singer_in_concert inner join concert on concert.concert_ID = singer_in_concert.concert_ID where concert.Year = 2014,64,64,64,0,0,0,3.932130361,0.0,0.0,16.27616434967935,0.0,0.0,0.0,0,0,0,OperationalError: no such column: singer.Name,0,0.0,0.0,0.0,,,,,
ar_target,none,39,concert_singer,"SELECT singer.Name,singer.Country FROM singer INNER JOIN singer_in_concert ON singer.Singer_ID=singer_in_concert.Singer_ID INNER JOIN concert ON singer_in_concert.concert_ID=concert.concert_ID WHERE concert.concert_Name LIKE '%Hey%' Schema: Table student, columns = [*,student_ID",64,64,64,0,0,0,3.936270519,0.0,0.0,16.259045126872795,0.0,0.0,0.0,0,0,0,"OperationalError: near ""Schema"": syntax error",0,0.0,0.0,0.0,,,,,
ar_target,none,40,concert_singer,"SELECT singer.name, singer.country FROM singer, song WHERE song.Singer_ID = singer.Singer_ID AND song.title LIKE '%Hey%'",64,64,64,0,0,0,3.937189567,0.0,0.0,16.255249819928217,0.0,0.0,0.0,0,0,0,OperationalError: no such table: song,0,0.0,0.0,0.0,,,,,
ar_target,none,41,concert_singer,"SELECT stadium.Name,stadium.Location FROM concert INNER JOIN singer_in_concert ON concert.concert_ID=singer_in_concert.concert_ID INNER JOIN stadium ON concert.Stadium_ID=stadium.Stadium_ID WHERE concert.Year=2014 AND concert.Year=2015",64,64,64,0,0,0,3.936707066,0.0,0.0,16.257242138422296,16.257242138422296,0.0,1.0,64,0,1,,0,0.0,0.0,0.0,,,,,
ar_target,none,42,concert_singer,"select name,location from stadium where stadium_id in (select stadium_id from concert where year=2014 or year=2015) group by stadium_id having count(concert_id) > 1",64,64,64,0,0,0,3.936362414,0.0,0.0,16.258665556905708,0.0,0.0,0.0,0,0,0,OperationalError: no such column: concert_id,0,0.0,0.0,0.0,,,,,
ar_target,none,43,concert_singer,select count(*) from concert where concert.stadium_id in (select stadium.stadium_id from stadium where stadium.capacity = (select max(stadium.capacity) from stadium)),64,64,64,0,0,0,3.930125269,0.0,0.0,16.284468208893625,16.284468208893625,16.284468208893625,1.0,64,64,1,,1,1.0,0.0,0.0,,,,,
ar_target,none,44,concert_singer,"SELECT count(*) FROM concert c JOIN stadium s ON c.Stadium_ID = s.Stadium_ID WHERE s.Capacity = (SELECT max(s2.Capacity) FROM stadium s2) Schema: Table company, columns = [*,Company_ID,Company_Name,Country,Year] Table employee, columns = [*,Employee",64,64,64,0,0,0,3.932294666,0.0,0.0,16.275484274707708,0.0,0.0,0.0,0,0,0,"OperationalError: near ""Schema"": syntax error",0,0.0,0.0,0.0,,,,,
ar_target,none,45,pets_1,SELECT count(*) FROM Pets WHERE weight > 10,64,64,64,0,0,0,3.852846479,0.0,0.0,16.61109528989359,16.61109528989359,16.61109528989359,1.0,64,64,1,,1,1.0,0.0,0.0,,,,,
ar_target,none,46,pets_1,SELECT count(*) FROM Has_Pet WHERE Pets.weight > 10,64,64,64,0,0,0,3.850611947,0.0,0.0,16.620734802908977,0.0,0.0,0.0,0,0,0,OperationalError: no such column: Pets.weight,0,0.0,0.0,0.0,,,,,
ar_target,none,47,pets_1,"SELECT weight FROM Pets WHERE PetType = ""dog"" AND pet_age = (SELECT min(age) FROM Pets WHERE PetType = ""dog"")",64,64,64,0,0,0,3.849098368,0.0,0.0,16.627270566029868,0.0,0.0,0.0,0,0,0,OperationalError: no such column: age,0,0.0,0.0,0.0,,,,,
ar_target,none,48,pets_1,"SELECT MIN(weight) FROM Pets WHERE PetType = ""dog""",64,64,64,0,0,0,3.851353426,0.0,0.0,16.617534908103757,16.617534908103757,16.617534908103757,1.0,64,64,1,,1,1.0,0.0,0.0,,,,,
ar_target,none,49,pets_1,"SELECT MAX(weight),PetType FROM Pets GROUP BY PetType",64,64,64,0,0,0,3.856557159,0.0,0.0,16.595112521707087,16.595112521707087,16.595112521707087,1.0,64,64,1,,1,1.0,0.0,0.0,,,,,
ar_target,both,0,concert_singer,SELECT count(*) FROM singer,7,7,7,0,0,0,1.489074037,1.209363792,0.017898712,4.700907964323066,4.700907964323066,4.700907964323066,1.0,7,7,1,,1,1.0,0.0,0.0,,,,,
ar_target,both,1,concert_singer,SELECT count(*) FROM singer,7,7,7,0,0,0,0.902442567,0.627434431,0.016347999,7.756726306993894,7.756726306993894,7.756726306993894,1.0,7,7,1,,1,1.0,0.0,0.0,,,,,
ar_target,both,2,concert_singer,"SELECT singer.Name, singer.Country, singer.Age FROM singer ORDER BY Age DESC",19,19,19,0,0,0,1.971563306,1.287199004,0.044663338,9.637022530383815,9.637022530383815,9.637022530383815,1.0,19,19,1,,1,1.0,0.0,0.0,,,,,
ar_target,both,3,concert_singer,"SELECT Singer.Name, Singer.Country, Singer.Age FROM singer INNER JOIN singer_in_concert ON singer.Singer_ID = singer_in_concert.Singer_ID ORDER BY Singer.Age DESC",64,64,64,0,0,0,5.83718832,3.690906749,0.156162228,10.964182837945513,10.964182837945513,0.0,1.0,64,0,1,,0,0.0,0.0,0.0,,,,,
ar_target,both,4,concert_singer,SELECT AVG(age) FROM singer WHERE Country = 'France',13,13,13,0,0,0,1.496835223,1.008315759,0.029752286,8.684990705887472,8.684990705887472,0.0,1.0,13,0,1,,0,0.0,0.0,0.0,,,,,
ar_target,both,5,concert_singer,SELECT AVG(age) FROM singer WHERE country = 'France' AND Is_male = 1,22,22,22,0,0,0,2.334961439,1.556587384,0.05000449,9.4219971398851,9.4219971398851,0.0,1.0,22,0,1,,0,0.0,0.0,0.0,,,,,
ar_target,both,6,concert_singer,"SELECT name, Song_release_year FROM singer WHERE age = (SELECT )",64,64,64,0,0,0,4.65738006,2.519517525,0.145661663,13.74163138406188,0.0,0.0,0.0,0,0,0,"OperationalError: near "")"": syntax error",0,0.0,0.0,0.0,,,,,
ar_target,both,7,concert_singer,"SELECT song_name,song_release_year FROM singer WHERE age = (SELECT ) GROUP BY singer_ID",64,64,64,0,0,0,4.717624959,2.582037276,0.145627349,13.566148338668732,0.0,0.0,0.0,0,0,0,"OperationalError: near "")"": syntax error",0,0.0,0.0,0.0,,,,,
ar_target,both,8,concert_singer,SELECT distinct FROM singer WHERE age > 20,14,14,14,0,0,0,1.816837518,1.299221096,0.032250321,7.705697323672286,0.0,0.0,0.0,0,0,0,"OperationalError: near ""FROM"": syntax error",0,0.0,0.0,0.0,,,,,
ar_target,both,9,concert_singer,SELECT DISTINCT From singer where country IN (SELECT ) AND singer.Age > 20 ORDER BY country,64,64,64,0,0,0,5.007001893,2.891733234,0.146667932,12.782100220388314,0.0,0.0,0.0,0,0,0,"OperationalError: near ""From"": syntax error",0,0.0,0.0,0.0,,,,,
ar_target,both,10,concert_singer,"SELECT Country, count(Singer_ID) FROM singer GROUP BY Country",15,15,15,0,0,0,1.55867991,1.012346922,0.033847146,9.623528155950892,9.623528155950892,9.623528155950892,1.0,15,15,1,,1,1.0,0.0,0.0,,,,,
ar_target,both,11,concert_singer,SELECT DISTINCT FROM singer WHERE Country = 'country_name',64,64,64,0,0,0,4.650182027,2.532835178,0.145608095,13.762902103272872,0.0,0.0,0.0,0,0,0,"OperationalError: near ""FROM"": syntax error",0,0.0,0.0,0.0,,,,,
ar_target,both,12,concert_singer,SELECT singer.song_name FROM singer JOIN singer_in_concert ON singer_in_concert.singer_ID = singer.Singer_ID JOIN concert ON concert.concert_ID = singer_in_concert.concert_ID WHERE age > (SELECT ) Order by singer.song_name ASC,62,62,62,0,0,0,6.36257854,4.277829251,0.150418525,9.744476961694213,0.0,0.0,0.0,0,0,0,"OperationalError: near "")"": syntax error",0,0.0,0.0,0.0,,,,,
ar_target,both,13,concert_singer,SELECT distinct from singer_in_concert inner join singer using where is_male = 1 and song_release_year > (select ),30,30,30,0,0,0,3.692915301,2.65438779,0.069277521,8.123663164404647,0.0,0.0,0.0,0,0,0,"OperationalError: near ""from"": syntax error",0,0.0,0.0,0.0,,,,,
ar_target,both,14,concert_singer,"SELECT Location, Name FROM stadium WHERE Capacity > 5000 AND Capacity < 10000",20,20,20,0,0,0,2.368909906,1.661477339,0.045302866,8.442701830636864,8.442701830636864,8.442701830636864,1.0,20,20,1,,1,1.0,0.0,0.0,,,,,
ar_target,both,15,concert_singer,"SELECT stadium.location,stadium.name FROM stadium WHERE stadium.capacity> 5000 AND stadium.capacity < 10000",26,26,26,0,0,0,2.965255128,2.064112594,0.060740548,8.768216857460233,8.768216857460233,8.768216857460233,1.0,26,26,1,,1,1.0,0.0,0.0,,,,,
ar_target,both,16,concert_singer,"SELECT max(Capacity),average FROM stadium",11,11,11,0,0,0,1.230128774,0.811464733,0.024802547,8.942153238340557,8.942153238340557,8.942153238340557,1.0,11,11,1,,1,1.0,0.0,0.0,,,,,
ar_target,both,17,concert_singer,SELECT AVG(Capacity) FROM stadium UNION ORDER BY Capacity DESC LIMIT 1,23,23,23,0,0,0,2.022474157,1.219821907,0.051586366,11.372209588139622,0.0,0.0,0.0,0,0,0,"OperationalError: near ""ORDER"": syntax error",0,0.0,0.0,0.0,,,,,
ar_target,both,18,concert_singer,"SELECT stadium.name, stadium.capacity from concert natural join stadium where concert.capacity > all",64,242,242,228,0,228,5.387375523,2.818652468,0.493739717,44.91983136628287,0.0,0.0,0.0,0,0,0,"OperationalError: near ""all"": syntax error",0,0.0,0.0,0.0,,,,,
ar_target,both,19,concert_singer,"SELECT s.Name, s.Capacity FROM stadium s INNER JOIN concert c ON s.Stadium_ID = c.Stadium_ID INNER JOIN singer_in_concert si ON c.concert_ID = si.concert_ID INNER JOIN singer i ON si.Singer_ID = i.Singer_ID GROUP BY s_name ORDER BY average DESC LIMIT",64,64,64,0,0,0,6.733326196,4.611071099,0.156579674,9.50496057030771,0.0,0.0,0.0,0,0,0,OperationalError: incomplete input,0,0.0,0.0,0.0,,,,,
ar_target,both,20,concert_singer,SELECT count(*) FROM concert WHERE Year = 2014 or Year = 2015 OR SELECT <CONCERT_ID1.CONCERT_ID2 OR CONCERT_ID1.CONCERT_ID3> FROM OR (SELECT <CONCERT_ID1.CONCERT_ID2,64,64,64,0,0,0,5.600995828,3.481636477,0.145123754,11.426539487863371,0.0,0.0,0.0,0,0,0,"OperationalError: near ""SELECT"": syntax error",0,0.0,0.0,0.0,,,,,
ar_target,both,21,concert_singer,"SELECT count(*) FROM concert WHERE Year in (2014,2015)",16,16,16,0,0,0,1.759642229,1.180439789,0.036345151,9.09275745734561,9.09275745734561,9.09275745734561,1.0,16,16,1,,1,1.0,0.0,0.0,,,,,
ar_target,both,22,concert_singer,"SELECT stadium.Name, count(*) FROM concert JOIN singer_in_concert ON concert.concert_ID = singer_in_concert.concert_ID JOIN singer ON singer_in_concert.Singer_ID = singer.Singer_ID JOIN stadium ON concert.Stadium_ID = stadium.Stadium_ID GROUP BY stadium_name",59,59,59,0,0,0,6.522737448,4.559843177,0.142031666,9.045282056859511,0.0,0.0,0.0,0,0,0,OperationalError: no such column: stadium_name,0,0.0,0.0,0.0,,,,,
ar_target,both,23,concert_singer,"SELECT concert_ID,Stadium_ID,concert_Name,Theme,Song_Name,Stadium_ID FROM concert JOIN singer_in_concert ON concert.concert_ID = singer_in_concert.concert_ID JOIN stadium ON concert.Stadium_ID = stadium.Stadium_ID ORDER BY Stadium_ID,concert_ID,Singer_ID,Song_Name",64,64,64,0,0,0,6.278037229,4.16119784,0.149304384,10.194268951507041,0.0,0.0,0.0,0,0,0,OperationalError: ambiguous column name: concert_ID,0,0.0,0.0,0.0,,,,,
ar_target,both,24,concert_singer,"SELECT Stadium.Name,Stadium.Capacity from concert natural join stadium WHERE concert.Year >= 2014 GROUP BY stadium_Name ORDER BY count DESC LIMIT 1",34,34,34,0,0,0,3.429445762,2.271453715,0.079579689,9.914138423396942,0.0,0.0,0.0,0,0,0,OperationalError: no such column: count,0,0.0,0.0,0.0,,,,,
ar_target,both,25,concert_singer,"SELECT stadium.name,stadium.capacity from stadium where stadium.concert_ID IN(SELECTconcert_ID, count) group by concert_ID, capacity, stadium, year order by capacity DESC,year ASC,concert_ID DESC LIMIT 1",46,102,102,89,0,89,4.310213705,2.634100092,0.205983556,23.664719891191567,0.0,0.0,0.0,0,0,0,OperationalError: no such column: stadium.concert_ID,0,0.0,0.0,0.0,,,,,
ar_target,both,26,concert_singer,"SELECT concert.Year,count(*) FROM concert group by concert_year order by count desc limit 1",20,20,20,0,0,0,1.878459651,1.192523466,0.045555293,10.64702134504352,0.0,0.0,0.0,0,0,0,OperationalError: no such column: count,0,0.0,0.0,0.0,,,,,
ar_target,both,27,concert_singer,"SELECT year, count(*) FROM concert GROUP BY year ORDER BY count DESC LIMIT 1",19,19,19,0,0,0,1.908035902,1.235838243,0.042887134,9.957883905687641,0.0,0.0,0.0,0,0,0,OperationalError: no such column: count,0,0.0,0.0,0.0,,,,,
ar_target,both,28,concert_singer,SELECT stadium.name FROM stadium LEFT JOIN concert ON concert.stadium_ID = stadium.Stadium_ID WHERE concert.concert_ID = NULL,29,29,29,0,0,0,3.220007723,2.230539451,0.068663553,9.006189579253999,9.006189579253999,0.0,1.0,29,0,1,,0,0.0,0.0,0.0,,,,,
ar_target,both,29,concert_singer,SELECT name from stadium WHERE stadium_ID IN (SELECT ),64,64,64,0,0,0,4.61653177,2.480837195,0.146080745,13.863220960786327,0.0,0.0,0.0,0,0,0,"OperationalError: near "")"": syntax error",0,0.0,0.0,0.0,,,,,
ar_target,both,30,concert_singer,SELECT country FROM singer WHERE age > 40 AND age < 30,16,16,16,0,0,0,2.106314569,1.519393093,0.03663606,7.596206300560418,7.596206300560418,0.0,1.0,16,0,1,,0,0.0,0.0,0.0,,,,,
ar_target,both,31,concert_singer,SELECT Name FROM stadium WHERE concert_ID = 0 AND year = 2014,64,64,64,0,0,0,5.007627532,2.868370872,0.146046311,12.780503260480916,0.0,0.0,0.0,0,0,0,OperationalError: no such column: concert_ID,0,0.0,0.0,0.0,,,,,
ar_target,both,32,concert_singer,SELECT name FROM stadium WHERE concert_ID!= (SELECTconcert_ID ) AND Year = 2014,23,23,23,0,0,0,2.441690323,1.629653289,0.052513339,9.419703958092805,0.0,0.0,0.0,0,0,0,OperationalError: no such column: concert_ID,0,0.0,0.0,0.0,,,,,
ar_target,both,33,concert_singer,"SELECT concert_name,theme,count(*) FROM concert NATURAL JOIN singer_in_concert GROUP BY concert_name,theme",64,64,64,0,0,0,5.425688231,3.280542828,0.149275126,11.79573858194286,11.79573858194286,11.79573858194286,1.0,64,64,1,,1,1.0,0.0,0.0,,,,,
ar_target,both,34,concert_singer,"SELECT concert.concert_Name,concert.Theme,CONCAT_WS",64,64,64,0,0,0,4.193600308,2.052892226,0.146335467,15.261349508657085,0.0,0.0,0.0,0,0,0,OperationalError: no such column: concert.concert_Name,0,0.0,0.0,0.0,,,,,
ar_target,both,35,concert_singer,"SELECT s.Name, count(*) FROM concert c JOIN singer_in_concert sic ON c.concert_ID = sic.concert_ID JOIN singer s ON sic.Singer_ID = s.Singer_ID GROUP BY s_Name ORDER BY count DESC",48,48,48,0,0,0,5.221925871,3.595608923,0.114722251,9.192010990919714,0.0,0.0,0.0,0,0,0,OperationalError: no such column: count,0,0.0,0.0,0.0,,,,,
ar_target,both,36,concert_singer,"SELECT s.Name, count(*) FROM singer s join singer_in_concert sic on s.Singer_ID = sic.Singer_ID group by sName",64,64,64,0,0,0,5.542937528,3.397785579,0.152202257,11.546224303756937,0.0,0.0,0.0,0,0,0,OperationalError: no such column: sName,0,0.0,0.0,0.0,,,,,
ar_target,both,37,concert_singer,SELECT singer.Name FROM concert INNER JOIN singer_in_concert ON concert.concert_ID = singer_in_concert.concert_ID INNER JOIN singer ON singer_in_concert.Singer_ID = singer.Singer_ID WHERE concert.Year = 2014,49,49,49,0,0,0,5.788483967,4.12751795,0.119065558,8.465083479430495,8.465083479430495,8.465083479430495,1.0,49,49,1,,1,1.0,0.0,0.0,,,,,
ar_target,both,38,concert_singer,SELECT singer.Name FROM concert INNER JOIN singer_in_concert ON concert.concert_ID = singer_in_concert.concert_ID INNER JOIN singer ON singer_in_concert.Singer_ID = singer.Singer_ID WHERE concert.Year = 2014,49,49,49,0,0,0,5.800769152,4.135443274,0.118852619,8.447155664366628,8.447155664366628,8.447155664366628,1.0,49,49,1,,1,1.0,0.0,0.0,,,,,
ar_target,both,39,concert_singer,"SELECT singer.Name,singer.Country FROM singer_in_concert JOIN concert ON singer_in_concert.concert_ID = concert.concert_ID WHERE concert.concert_Name = 'hey'",64,64,64,0,0,0,5.694146245,3.546925326,0.154527877,11.239612972040904,0.0,0.0,0.0,0,0,0,OperationalError: no such column: singer.Name,0,0.0,0.0,0.0,,,,,
ar_target,both,40,concert_singer,"SELECT singer.Name,singer.Country FROM singer JOIN singer_in_concert ON singer.Singer_ID = singer_in_concert.Singer_ID JOIN concert ON singer_in_concert.concert_ID = concert.concert_ID WHERE concert.concert_Name LIKE '%Hey%'",52,52,52,0,0,0,5.6211506,3.856783773,0.126595892,9.250775099318634,9.250775099318634,0.0,1.0,52,0,1,,0,0.0,0.0,0.0,,,,,
ar_target,both,41,concert_singer,"SELECT stadium.location, stadium.name FROM concert JOIN singer_in_concert ON concert.concert_ID = singer_in_concert.concert_ID JOIN singer ON singer.Singer_ID = singer_in_concert.Singer_ID JOIN stadium ON stadium.Stadium_ID = concert.Stadium_ID WHERE concert.Year = 2014 AND concert.Year =",64,64,64,0,0,0,6.921885297,4.763430761,0.158864343,9.246035906971487,0.0,0.0,0.0,0,0,0,OperationalError: incomplete input,0,0.0,0.0,0.0,,,,,
ar_target,both,42,concert_singer,"SELECT stadium.Name, stadium.Location FROM concert JOIN singer_in_concert USING join stadium using join singer_in_concert USING WHERE (concert.Year = 2014 AND singer_in_concert.concert_ID = concert.concert_ID) AND (concert.Year = 2015 AND singer_in",64,64,64,0,0,0,7.044040585,4.890914267,0.158443025,9.085694386299451,0.0,0.0,0.0,0,0,0,"OperationalError: near ""join"": syntax error",0,0.0,0.0,0.0,,,,,
ar_target,both,43,concert_singer,SELECT COUNT(*) FROM concert WHERE Stadium_ID = (SELECT ),64,64,64,0,0,0,4.622413595,2.482776103,0.146444291,13.845580600841927,0.0,0.0,0.0,0,0,0,"OperationalError: near "")"": syntax error",0,0.0,0.0,0.0,,,,,
ar_target,both,44,concert_singer,SELECT count(*) FROM concert WHERE concert.concert_ID IN (SELECT ) GROUP BY stadium_name ORDER BY count DESC LIMIT 1,29,29,29,0,0,0,2.690053612,1.681652177,0.06698162,10.780454289325146,0.0,0.0,0.0,0,0,0,"OperationalError: near "")"": syntax error",0,0.0,0.0,0.0,,,,,
ar_target,both,45,pets_1,SELECT count(*) FROM Has_Pet WHERE Has_Pet.PetID IN (SELECT ) AND Has_Pet.PetID = Pets.PetID AND Pets.weight > 10,42,42,42,0,0,0,4.046097893,2.656797744,0.07902936,10.380371684200377,0.0,0.0,0.0,0,0,0,"OperationalError: near "")"": syntax error",0,0.0,0.0,0.0,,,,,
ar_target,both,46,pets_1,SELECT COUNT(*) FROM Has_Pet H JOIN Pets P ON H.PetID=P.PetID WHERE P.weight>10,27,27,27,0,0,0,2.889213523,1.977108796,0.051186669,9.345103705580295,9.345103705580295,9.345103705580295,1.0,27,27,1,,1,1.0,0.0,0.0,,,,,
ar_target,both,47,pets_1,SELECT weight FROM Pets INNER JOIN Has_Pet ON Pets.PetID = Has_Pet.PetID WHERE Has_Pet.PetID = (SELECT ) AND PetType = 'dog' ORDER BY Pets.pet_age LIMIT 1,51,51,51,0,0,0,5.061705698,3.385941069,0.098115291,10.075654935874939,0.0,0.0,0.0,0,0,0,"OperationalError: near "")"": syntax error",0,0.0,0.0,0.0,,,,,
ar_target,both,48,pets_1,SELECT weight FROM Pets WHERE PetID = (SELECT ) Order by pet_age asc limit 1,25,25,25,0,0,0,2.27489775,1.430875192,0.045844486,10.989504912913118,0.0,0.0,0.0,0,0,0,"OperationalError: near "")"": syntax error",0,0.0,0.0,0.0,,,,,
ar_target,both,49,pets_1,"SELECT max(weight),pettype FROM Pets GROUP BY pettype",14,14,14,0,0,0,1.425502006,0.932601483,0.025549691,9.821101577601006,9.821101577601006,9.821101577601006,1.0,14,14,1,,1,1.0,0.0,0.0,,,,,
dsbd,none,0,concert_singer,SELECT count(*) FROM singer,66,221,180,0,0,0,3.302345414,0.0,0.0,66.92213330049914,19.985795465307433,19.985795465307433,0.2986425339366516,66,66,1,,1,1.0,2.8823529411764706,0.9,4,3,0.9,1,1
dsbd,none,1,concert_singer,SELECT count(*) FROM singer,64,208,174,0,0,0,2.993645237,0.0,0.0,69.48051072626146,21.378618685003524,21.378618685003524,0.3076923076923077,64,64,1,,1,1.0,3.0,0.90625,4,3,0.9,1,1
dsbd,none,2,concert_singer,"SELECT singer.Name, singer.Country, singer.Age FROM singer ORDER BY singer.Age DESC",66,234,167,0,0,0,3.315817299,0.0,0.0,70.57083635777244,19.904594870140944,19.904594870140944,0.28205128205128205,66,66,1,,1,1.0,2.6666666666666665,0.8186274509803921,4,3,0.9,1,1
dsbd,none,3,concert_singer,"SELECT singer.Name, singer.Country, singer.Age FROM singer ORDER BY singer.Age DESC",64,221,154,0,0,0,3.158390193,0.0,0.0,69.97235505917112,20.26348743795001,20.26348743795001,0.2895927601809955,64,64,1,,1,1.0,2.764705882352941,0.7857142857142857,4,3,0.9,1,1
dsbd,none,4,concert_singer,"SELECT AVG(age),MIN(age),MAX(age) FROM singer WHERE country = 'France'",66,221,164,0,0,0,3.165452084,0.0,0.0,69.81625187664663,20.850102370401256,20.850102370401256,0.2986425339366516,66,66,1,,1,1.0,2.8823529411764706,0.803921568627451,4,3,0.9,1,1
dsbd,none,5,concert_singer,"SELECT AVG(Age) AS average_age, MIN(Age) AS min_age, MAX(Age) AS max_age FROM singer WHERE Country = ""France""",65,221,146,0,0,0,3.156387158,0.0,0.0,70.0167593319045,20.593164509383676,20.593164509383676,0.29411764705882354,65,65,1,,1,1.0,2.823529411764706,0.73,4,3,0.9,1,1
dsbd,none,6,concert_singer,"SELECT singer.Name, singer.Song_release_year FROM singer INNER JOIN singer_in_concert ON singer.Singer_ID = singer_in_concert.Singer_ID WHERE singer.Age = (SELECT min(singer.Age) FROM singer)",64,234,105,0,0,0,3.290055193,0.0,0.0,71.1234268950454,19.4525612020637,0.0,0.27350427350427353,64,0,1,,0,0.0,2.5555555555555554,0.5147058823529411,4,3,0.9,1,1
dsbd,none,7,concert_singer,"SELECT s.Name,s.Song_Name,s.Song_release_year FROM singer s JOIN singer_in_concert sic ON s.Singer_ID = sic.Singer_ID JOIN concert c ON sic.concert_ID = c.concert_ID WHERE s.Age = (SELECT min(s2.Age) FROM singer s2 JOIN singer_in_concert sic",65,234,123,0,0,0,3.292098049,0.0,0.0,71.07929245032034,0.0,0.0,0.0,0,0,0,OperationalError: incomplete input,0,0.0,2.611111111111111,0.6029411764705882,4,3,0.9,1,1
dsbd,none,8,concert_singer,SELECT DISTINCT Country FROM singer WHERE Age > 20,66,221,164,0,0,0,3.14848272,0.0,0.0,70.19254023410997,20.962478078964967,20.962478078964967,0.2986425339366516,66,66,1,,1,1.0,2.8823529411764706,0.82,4,3,0.9,1,1
dsbd,none,9,concert_singer,SELECT distinct country FROM singer WHERE age > 20,66,247,170,0,0,0,3.445244285,0.0,0.0,71.69302945378807,19.15684187834013,19.15684187834013,0.26720647773279355,66,66,1,,1,1.0,2.473684210526316,0.8333333333333334,4,3,0.9,1,1
dsbd,none,10,concert_singer,"SELECT country, COUNT(*) FROM singer GROUP BY country",66,260,107,0,0,0,3.587274383,0.0,0.0,72.47842574633634,18.398369612531532,18.398369612531532,0.25384615384615383,66,66,1,,1,1.0,2.3,0.5047169811320755,4,3,0.9,1,1
dsbd,none,11,concert_singer,SELECT count(*) FROM singer_in_concert GROUP BY Country,65,221,166,0,0,0,3.135283766,0.0,0.0,70.48803760495088,0.0,0.0,0.0,0,0,0,OperationalError: no such column: Country,0,0.0,2.823529411764706,0.8469387755102041,4,3,0.9,1,1
dsbd,none,12,concert_singer,"SELECT singer.song_name FROM singer,concert,singer_in_concert WHERE singer.age > (SELECT avg(singer.age) FROM singer) AND singer.singer_ID = singer_in_concert.singer_ID AND singer_in_concert.concert_ID = concert.concert_ID",65,286,117,0,0,0,3.887742715,0.0,0.0,73.56453885092034,16.71921337520917,0.0,0.22727272727272727,65,0,1,,0,0.0,1.9545454545454546,0.5416666666666666,4,3,0.9,1,1
dsbd,none,13,concert_singer,SELECT DISTINCT s.Song_Name FROM singer s JOIN singer_in_concert sic ON s.Singer_ID = sic.Singer_ID JOIN stadium st ON sic.concert_ID = st.Stadium_ID WHERE s.Age > (SELECT AVG(s2.Age) FROM singer s2),67,221,138,0,0,0,3.151694207,0.0,0.0,70.12101602660337,21.258407573676138,0.0,0.3031674208144796,67,0,1,,0,0.0,2.9411764705882355,0.6764705882352942,4,3,0.9,1,1
dsbd,none,14,concert_singer,"SELECT stadium.Location, stadium.Name FROM stadium WHERE stadium.Capacity BETWEEN 5000 AND 10000",67,247,173,0,0,0,3.470753491,0.0,0.0,71.16610287665054,19.30416555763395,19.30416555763395,0.27125506072874495,67,67,1,,1,1.0,2.526315789473684,0.8317307692307693,4,3,0.9,1,1
dsbd,none,15,concert_singer,"SELECT stadium.Location, stadium.Name FROM stadium WHERE stadium.Capacity BETWEEN 5000 AND 10000",65,221,155,0,0,0,3.15757162,0.0,0.0,69.9904947840898,20.585439642379352,20.585439642379352,0.29411764705882354,65,65,1,,1,1.0,2.823529411764706,0.7908163265306123,4,3,0.9,1,1
dsbd,none,16,concert_singer,"SELECT MAX(Capacity),AVG(Capacity) FROM stadium",65,221,165,0,0,0,3.154484692,0.0,0.0,70.0589863569387,20.60558422262903,0.0,0.29411764705882354,65,0,1,,0,0.0,2.823529411764706,0.825,4,3,0.9,1,1
dsbd,none,17,concert_singer,"SELECT avg(capacity),max(capacity) FROM stadium",64,221,168,0,0,0,3.15636908,0.0,0.0,70.01716035058865,20.276462725962325,20.276462725962325,0.2895927601809955,64,64,1,,1,1.0,2.764705882352941,0.84,4,3,0.9,1,1
dsbd,none,18,concert_singer,"SELECT stadium.Name, stadium.Capacity FROM concert, stadium, singer_in_concert WHERE concert.Stadium_ID = stadium.Stadium_ID AND singer_in_concert.concert_ID = concert.concert_ID AND singer_in_concert.Singer_ID = singer.Singer_ID GROUP BY stadium.Name, stadium.Capacity ORDER BY stadium.A",64,234,117,0,0,0,3.300087422,0.0,0.0,70.90721246959743,0.0,0.0,0.0,0,0,0,OperationalError: no such column: singer.Singer_ID,0,0.0,2.5555555555555554,0.5735294117647058,4,3,0.9,1,1
dsbd,none,19,concert_singer,"SELECT stadium.Name, stadium.Capacity FROM stadium INNER JOIN (SELECT Stadium_ID, AVG(attendance) as average_attendance FROM concert GROUP BY Stadium_ID) AS average_attendance ON average_attendance.Stadium_ID = stadium.Stadium_ID WHERE average_attendance.average_attendance = (SELECT MAX(average_attendance) FROM (SELECT",66,247,114,0,0,0,3.459652827,0.0,0.0,71.39444688563833,0.0,0.0,0.0,0,0,0,OperationalError: incomplete input,0,0.0,2.473684210526316,0.5377358490566038,4,3,0.9,1,1
dsbd,none,20,concert_singer,SELECT count(*) FROM concert WHERE Year = 2014 OR Year = 2015,64,208,173,0,0,0,3.004154515,0.0,0.0,69.23745065756046,21.303830971557066,21.303830971557066,0.3076923076923077,64,64,1,,1,1.0,3.0,0.9010416666666666,4,3,0.9,1,1
dsbd,none,21,concert_singer,"SELECT count(*) FROM concert WHERE Year in (2014,2015)",65,234,126,0,0,0,3.308574103,0.0,0.0,70.72533143139336,19.645925397609265,19.645925397609265,0.2777777777777778,65,65,1,,1,1.0,2.611111111111111,0.6057692307692307,4,3,0.9,1,1
dsbd,none,22,concert_singer,"SELECT stadium.Name, count(*) FROM stadium JOIN concert ON stadium.Stadium_ID = concert.Stadium_ID GROUP BY stadium.Name",66,247,151,0,0,0,3.458695039,0.0,0.0,71.41421756322703,19.082341535113294,19.082341535113294,0.26720647773279355,66,66,1,,1,1.0,2.473684210526316,0.7259615384615384,4,3,0.9,1,1
dsbd,none,23,concert_singer,"SELECT stadium.Name, count(*) FROM stadium JOIN concert ON stadium.Stadium_ID = concert.Stadium_ID GROUP BY stadium.Name",66,221,155,0,0,0,3.152799494,0.0,0.0,70.09643347779604,20.933776513730944,20.933776513730944,0.2986425339366516,66,66,1,,1,1.0,2.8823529411764706,0.775,4,3,0.9,1,1
dsbd,none,24,concert_singer,"SELECT stadium.name, stadium.capacity FROM stadium JOIN singer_in_concert ON stadium.stadium_ID = singer_in_concert.stadium_ID JOIN concert ON singer_in_concert.concert_ID = concert.concert_ID WHERE concert.Year > 2013 GROUP BY stadium.name, stadium.capacity ORDER BY COUNT(*) DESC LIMIT 1",67,273,123,0,0,0,3.767552546,0.0,0.0,72.4608341003348,0.0,0.0,0.0,0,0,0,OperationalError: no such column: singer_in_concert.stadium_ID,0,0.0,2.1904761904761907,0.5694444444444444,4,3,0.9,1,1
dsbd,none,25,concert_singer,"SELECT stadium.Name,stadium.Capacity FROM concert INNER JOIN stadium ON concert.Stadium_ID = stadium.Stadium_ID WHERE concert.Year > 2013 ORDER BY COUNT(concert_ID) DESC LIMIT 1",67,260,139,0,0,0,3.624466266,0.0,0.0,71.73469993057455,0.0,0.0,0.0,0,0,0,OperationalError: misuse of aggregate: COUNT(),0,0.0,2.35,0.6318181818181818,4,3,0.9,1,1
dsbd,none,26,concert_singer,"SELECT year, count(*) FROM concert GROUP BY year ORDER BY count(*) DESC",65,221,170,0,0,0,3.153258302,0.0,0.0,70.0862342485002,20.613598308382414,0.0,0.29411764705882354,65,0,1,,0,0.0,2.823529411764706,0.8333333333333334,4,3,0.9,1,1
dsbd,none,27,concert_singer,SELECT year FROM concert GROUP BY year ORDER BY count(*) DESC LIMIT 1,66,234,104,0,0,0,3.291156219,0.0,0.0,71.09963320765723,20.053742699595627,20.053742699595627,0.28205128205128205,66,66,1,,1,1.0,2.6666666666666665,0.49056603773584906,4,3,0.9,1,1
dsbd,none,28,concert_singer,SELECT DISTINCT Name FROM stadium WHERE stadium_ID NOT IN (SELECT Stadium_ID FROM concert),64,221,93,0,0,0,3.119362902,0.0,0.0,70.84780031791247,20.51701004681628,20.51701004681628,0.2895927601809955,64,64,1,,1,1.0,2.764705882352941,0.4744897959183674,4,3,0.9,1,1
dsbd,none,29,concert_singer,SELECT name FROM stadium WHERE concert_ID IS NULL,64,247,115,0,0,0,3.431518699,0.0,0.0,71.97979135942921,0.0,0.0,0.0,0,0,0,OperationalError: no such column: concert_ID,0,0.0,2.3684210526315788,0.5637254901960784,4,3,0.9,1,1
dsbd,none,30,concert_singer,SELECT DISTINCT country FROM singer WHERE Age > 40 AND Age < 30,66,221,156,0,0,0,3.151837645,0.0,0.0,70.11782486657874,20.940164892281434,0.0,0.2986425339366516,66,0,1,,0,0.0,2.8823529411764706,0.7647058823529411,4,3,0.9,1,1
dsbd,none,31,concert_singer,SELECT Name FROM stadium WHERE Stadium_ID NOT IN (SELECT Stadium_ID FROM concert WHERE Year = 2014),64,208,161,0,0,0,2.992882194,0.0,0.0,69.49822496087195,21.38406921872983,21.38406921872983,0.3076923076923077,64,64,1,,1,1.0,3.0,0.8385416666666666,4,3,0.9,1,1
dsbd,none,32,concert_singer,SELECT stadium.Name FROM stadium WHERE concert.Stadium_ID IS NULL AND concert.Year = 2014,65,234,151,0,0,0,3.297909943,0.0,0.0,70.95402968679548,0.0,0.0,0.0,0,0,0,OperationalError: no such column: concert.Stadium_ID,0,0.0,2.611111111111111,0.7401960784313726,4,3,0.9,1,1
dsbd,none,33,concert_singer,"SELECT concert_name,theme,count(*) FROM concert JOIN singer_in_concert USING (concert_ID) GROUP BY concert_name,theme",67,234,166,0,0,0,3.310089947,0.0,0.0,70.69294301566603,20.241141803630875,20.241141803630875,0.2863247863247863,67,67,1,,1,1.0,2.7222222222222223,0.7830188679245284,4,3,0.9,1,1
dsbd,none,34,concert_singer,"SELECT concert_Name,Theme,count(*) FROM concert INNER JOIN singer_in_concert ON concert.concert_ID = singer_in_concert.concert_ID GROUP BY concert_Name,Theme",64,234,145,0,0,0,3.289789196,0.0,0.0,71.12917760339073,19.454134045371823,19.454134045371823,0.27350427350427353,64,64,1,,1,1.0,2.5555555555555554,0.725,4,3,0.9,1,1
dsbd,none,35,concert_singer,"SELECT s.Name, count(*) FROM singer s JOIN singer_in_concert sc ON s.Singer_ID = sc.Singer_ID GROUP BY s.Name",67,234,158,0,0,0,3.295119466,0.0,0.0,71.01411721622841,20.333101937979933,20.333101937979933,0.2863247863247863,67,67,1,,1,1.0,2.7222222222222223,0.7596153846153846,4,3,0.9,1,1
dsbd,none,36,concert_singer,"SELECT singer.name,count(*) FROM concert,singer_in_concert,singer WHERE concert.concert_ID = singer_in_concert.concert_ID AND singer_in_concert.Singer_ID = singer.Singer_ID GROUP BY singer.name",67,234,147,0,0,0,3.298248706,0.0,0.0,70.94674200108669,20.313810743900888,20.313810743900888,0.2863247863247863,67,67,1,,1,1.0,2.7222222222222223,0.7067307692307693,4,3,0.9,1,1
dsbd,none,37,concert_singer,"SELECT singer.Name FROM concert, singer_in_concert, singer WHERE concert.concert_ID = singer_in_concert.concert_ID AND singer_in_concert.singer_ID = singer.Singer_ID AND concert.Year = 2014",66,221,147,0,0,0,3.143925734,0.0,0.0,70.29428132159562,20.99286229513715,20.99286229513715,0.2986425339366516,66,66,1,,1,1.0,2.8823529411764706,0.7205882352941176,4,3,0.9,1,1
dsbd,none,38,concert_singer,SELECT singer.Name FROM singer_in_concert JOIN concert ON singer_in_concert.concert_ID = concert.concert_ID WHERE concert.Year = 2014,65,221,148,0,0,0,3.147906818,0.0,0.0,70.2053817909422,0.0,0.0,0.0,0,0,0,OperationalError: no such column: singer.Name,0,0.0,2.823529411764706,0.74,4,3,0.9,1,1
dsbd,none,39,concert_singer,"SELECT singer.name,singer.country FROM singer_in_concert JOIN singer ON singer_in_concert.Singer_ID = singer.Singer_ID JOIN concert ON singer_in_concert.concert_ID = concert.concert_ID WHERE concert.concert_Name LIKE '%Hey%'",66,234,113,0,0,0,3.306440317,0.0,0.0,70.7709734837473,19.96104380310821,0.0,0.28205128205128205,66,0,1,,0,0.0,2.6666666666666665,0.5330188679245284,4,3,0.9,1,1
dsbd,none,40,concert_singer,"SELECT s.Name, s.Country FROM singer s JOIN singer_in_concert sic ON s.Singer_ID = sic.Singer_ID JOIN concert c ON sic.concert_ID = c.concert_ID WHERE c.Theme LIKE '%Hey%'",66,234,128,0,0,0,3.310738447,0.0,0.0,70.67909584100106,19.935129596179785,0.0,0.28205128205128205,66,0,1,,0,0.0,2.6666666666666665,0.6153846153846154,4,3,0.9,1,1
dsbd,none,41,concert_singer,"SELECT stadium.Name, stadium.Location FROM stadium WHERE Stadium_ID IN (SELECT Stadium_ID FROM concert WHERE Year IN (2014,2015))",65,234,142,0,0,0,3.300762606,0.0,0.0,70.89270811982774,19.692418922174372,0.0,0.2777777777777778,65,0,1,,0,0.0,2.611111111111111,0.71,4,3,0.9,1,1
dsbd,none,42,concert_singer,"SELECT s.Name,s.Location FROM concert c, singer_in_concert sic, singer s, stadium st WHERE c.concert_ID = sic.concert_ID AND sic.Singer_ID = s.Singer_ID AND c.concert_ID = st.Stadium_ID AND c.Year IN (2014,2015)",65,247,102,0,0,0,3.448987983,0.0,0.0,71.61521037981535,0.0,0.0,0.0,0,0,0,OperationalError: no such column: s.Location,0,0.0,2.4210526315789473,0.49038461538461536,4,3,0.9,1,1
dsbd,none,43,concert_singer,SELECT count(*) FROM concert WHERE Stadium_ID IN (SELECT Stadium_ID FROM stadium ORDER BY Capacity DESC LIMIT 1),65,234,148,0,0,0,3.285955989,0.0,0.0,71.2121528052517,19.781153557014363,19.781153557014363,0.2777777777777778,65,65,1,,1,1.0,2.611111111111111,0.74,4,3,0.9,1,1
dsbd,none,44,concert_singer,SELECT count(*) FROM concert WHERE stadium_ID = (SELECT Stadium_ID FROM stadium WHERE Capacity = (SELECT max(Capacity) FROM stadium)),64,234,141,0,0,0,3.290138226,0.0,0.0,71.12163195784225,19.452070279067968,19.452070279067968,0.27350427350427353,64,64,1,,1,1.0,2.5555555555555554,0.705,4,3,0.9,1,1
dsbd,none,45,pets_1,SELECT count(*) FROM Pets WHERE weight > 10,66,234,165,0,0,0,3.207771681,0.0,0.0,72.94783521720353,20.57503044587792,20.57503044587792,0.28205128205128205,66,66,1,,1,1.0,2.6666666666666665,0.8088235294117647,4,3,0.9,1,1
dsbd,none,46,pets_1,SELECT count(*) FROM Pets WHERE weight > 10,67,234,131,0,0,0,3.199993702,0.0,0.0,73.12514391942388,20.93754120769829,20.93754120769829,0.2863247863247863,67,67,1,,1,1.0,2.7222222222222223,0.6298076923076923,4,3,0.9,1,1
dsbd,none,47,pets_1,"SELECT weight FROM Pets WHERE PetType = ""Dog"" ORDER BY pet_age ASC LIMIT 1",66,234,152,0,0,0,3.192208777,0.0,0.0,73.3034761654626,20.67533943128432,0.0,0.28205128205128205,66,0,1,,0,0.0,2.6666666666666665,0.7450980392156863,4,3,0.9,1,1
dsbd,none,48,pets_1,SELECT weight FROM Pets WHERE pet_age = (SELECT MIN(age) FROM Pets),64,208,138,0,0,0,2.883936578,0.0,0.0,72.1236387744169,0.0,0.0,0.0,0,0,0,OperationalError: no such column: age,0,0.0,3.0,0.71875,4,3,0.9,1,1
dsbd,none,49,pets_1,"SELECT MAX(weight), PetType FROM Pets GROUP BY PetType",65,247,132,0,0,0,3.360541964,0.0,0.0,73.50004929145412,19.342118234593187,19.342118234593187,0.2631578947368421,65,65,1,,1,1.0,2.4210526315789473,0.6226415094339622,4,3,0.9,1,1
dsbd,xgrammar,0,concert_singer,SELECT count(*) FROM singer,64,819,4,1953,1953,0,14.008333554,4.070063951,0.0,58.46519836516451,4.568709029756445,4.568709029756445,0.07814407814407814,64,64,1,,1,1.0,0.015873015873015872,0.015625,4,3,0.9,1,1
dsbd,xgrammar,1,concert_singer,SELECT count(*) FROM singer,64,819,4,1953,1953,0,16.018668203,6.071754638,0.0,51.12784593706838,3.9953383882446594,3.9953383882446594,0.07814407814407814,64,64,1,,1,1.0,0.015873015873015872,0.015625,4,3,0.9,1,1
dsbd,xgrammar,2,concert_singer,"SELECT Name, Country, Age FROM singer ORDER BY Age DESC",64,832,0,2016,2016,0,14.839049673,4.724981778,0.0,56.068280539140154,4.312944656856935,4.312944656856935,0.07692307692307693,64,64,1,,1,1.0,0.0,0.0,4,3,0.9,1,1
dsbd,xgrammar,3,concert_singer,"SELECT singer.name,singer.country,singer.age FROM singer ORDER BY singer.age DESC",64,819,4,1953,1953,0,12.974200474,3.07776072,0.0,63.125277094435006,4.932866586134115,4.932866586134115,0.07814407814407814,64,64,1,,1,1.0,0.015873015873015872,0.015625,4,3,0.9,1,1
dsbd,xgrammar,4,concert_singer,"SELECT AVG(Age) AS avg, MIN(Age) AS min, MAX(Age) AS max FROM singer WHERE country = 'France'",64,832,0,2016,2016,0,14.542289083,4.50505399,0.0,57.21245089073437,4.400957760825721,4.400957760825721,0.07692307692307693,64,64,1,,1,1.0,0.0,0.0,4,3,0.9,1,1
dsbd,xgrammar,5,concert_singer,"SELECT avg(age), min(age), max(age) FROM singer WHERE country = ""France"" Schema: Table movie, columns = [*,movie_ID,title,release_year,director] Table actor, columns = [*,actor_ID,Name,Country,Movie_ID] Table actor_in_movie, columns = [*,movie_ID",64,832,0,2016,2016,0,14.20553013,4.173338289,0.0,58.568739947475656,0.0,0.0,0.0,0,0,0,"OperationalError: near ""Schema"": syntax error",0,0.0,0.0,0.0,4,3,0.9,1,1
dsbd,xgrammar,6,concert_singer,"SELECT Singer.Name, singer.Song_release_year FROM singer WHERE age = min(age) and is_male = true",64,832,0,2016,2016,0,14.890254927,4.786138963,0.0,55.87547050597248,0.0,0.0,0.0,0,0,0,OperationalError: misuse of aggregate function min(),0,0.0,0.0,0.0,4,3,0.9,1,1
dsbd,xgrammar,8,concert_singer,SELECT distinct(Singer.Country) FROM singer WHERE Singer.Age > 20,64,819,4,1953,1953,0,13.385354329,3.483076464,0.0,61.18627717053391,4.781345224559427,4.781345224559427,0.07814407814407814,64,64,1,,1,1.0,0.015873015873015872,0.015625,4,3,0.9,1,1
dsbd,xgrammar,9,concert_singer,SELECT distinct(singer.Country) FROM singer WHERE age > 20,64,832,0,2016,2016,0,14.541833407,4.507871378,0.0,57.214243672981446,4.401095667152419,4.401095667152419,0.07692307692307693,64,64,1,,1,1.0,0.0,0.0,4,3,0.9,1,1
dsbd,xgrammar,10,concert_singer,"SELECT country, count(*) FROM singer GROUP BY country",64,832,0,2016,2016,0,14.697422569,4.665111381,0.0,56.608564943547684,4.354504995657514,4.354504995657514,0.07692307692307693,64,64,1,,1,1.0,0.0,0.0,4,3,0.9,1,1
dsbd,xgrammar,11,concert_singer,"SELECT singer.Country, COUNT(*) AS num_singers FROM singer GROUP BY singer.Country",64,832,0,2016,2016,0,15.064312457,5.046111499,0.0,55.22986876267233,4.248451443282487,4.248451443282487,0.07692307692307693,64,64,1,,1,1.0,0.0,0.0,4,3,0.9,1,1
dsbd,xgrammar,12,concert_singer,SELECT song_name FROM singer_in_concert JOIN singer ON singer_in_concert.singer_ID = singer.Singer_ID WHERE age > (SELECT avg(age) FROM singer),64,611,57,1044,1044,0,13.186155524,5.647067992,0.0,46.33647759484745,4.853575394550306,0.0,0.10474631751227496,64,0,1,,0,0.0,0.3617021276595745,0.22983870967741934,4,3,0.9,1,1
dsbd,xgrammar,13,concert_singer,SELECT singer.song_name FROM singer WHERE age > (SELECT AVG(age) FROM singer),64,481,100,614,614,0,11.391014213,5.269151549,0.0,42.22626633641266,5.618463712121434,5.618463712121434,0.13305613305613306,64,64,1,,1,1.0,0.7297297297297297,0.4098360655737705,4,3,0.9,1,1
dsbd,xgrammar,14,concert_singer,"SELECT location, name FROM stadium WHERE capacity BETWEEN 5000 AND 10000",64,832,0,2016,2016,0,15.221300136,5.10454036,0.0,54.66024535133048,4.204634257794653,4.204634257794653,0.07692307692307693,64,64,1,,1,1.0,0.0,0.0,4,3,0.9,1,1
dsbd,xgrammar,15,concert_singer,"SELECT stadium.location,stadium.name FROM stadium WHERE stadium.Capacity BETWEEN 5000 AND 10000",64,832,0,2016,2016,0,14.151767092,4.027052919,0.0,58.79124455562373,4.5224034273556715,4.5224034273556715,0.07692307692307693,64,64,1,,1,1.0,0.0,0.0,4,3,0.9,1,1
dsbd,xgrammar,16,concert_singer,"SELECT max(capacity),avg(capacity) FROM stadium",64,819,4,1953,1953,0,13.761721527,3.7912701,0.0,59.512903119944085,4.650580951985862,0.0,0.07814407814407814,64,0,1,,0,0.0,0.015873015873015872,0.015625,4,3,0.9,1,1
dsbd,xgrammar,17,concert_singer,"SELECT AVG(Capacity), MAX(Capacity) FROM stadium",64,819,4,1953,1953,0,13.505467798,3.575633192,0.0,60.6421052754118,4.738821413463193,4.738821413463193,0.07814407814407814,64,64,1,,1,1.0,0.015873015873015872,0.015625,4,3,0.9,1,1
dsbd,xgrammar,20,concert_singer,SELECT count(*) FROM concert WHERE Year = 2014 OR Year = 2015,64,832,0,2016,2016,0,14.55432807,4.450897853,0.0,57.16512613969131,4.39731739536087,4.39731739536087,0.07692307692307693,64,64,1,,1,1.0,0.0,0.0,4,3,0.9,1,1
dsbd,xgrammar,21,concert_singer,"SELECT count(*) FROM concert WHERE year in (2014,2015)",64,832,0,2016,2016,0,15.149064594,5.052430714,0.0,54.92088272760585,4.2246832867389115,4.2246832867389115,0.07692307692307693,64,64,1,,1,1.0,0.0,0.0,4,3,0.9,1,1
dsbd,xgrammar,22,concert_singer,"SELECT s.Name, COUNT(c.concert_ID) AS ""concerts"" FROM stadium s JOIN singer_in_concert sc ON s.Stadium_ID = sc.concert_ID JOIN concert c ON sc.concert_ID = c.concert_ID GROUP BY s.Stadium_ID",64,819,4,1953,1953,0,18.05926048,8.096941238,0.0,45.35069422731977,3.5438881935878697,0.0,0.07814407814407814,64,0,1,,0,0.0,0.015873015873015872,0.015625,4,3,0.9,1,1
dsbd,xgrammar,23,concert_singer,"SELECT concert.concert_ID, concert.concert_Name,concert.Theme,concert.Year, stadium.Location,stadium.Name,stadium.Capacity,stadium.Highest,stadium.Lowest,stadium.Average FROM concert INNER JOIN stadium ON concert.Stadium_ID = stadium.Stadium_ID",64,832,0,2016,2016,0,14.913666272,4.72954381,0.0,55.787757673112026,4.291365974854771,0.0,0.07692307692307693,64,0,1,,0,0.0,0.0,0.0,4,3,0.9,1,1
dsbd,xgrammar,24,concert_singer,"SELECT stadium.name,concert.capacity FROM concert, stadium WHERE concert.concert_ID = stadium.concert_ID AND concert.year >= 2014 GROUP BY stadium.name ORDER BY COUNT(concert.capacity) DESC",64,832,0,2016,2016,0,15.161053413,5.048529143,0.0,54.87745325707996,0.0,0.0,0.0,0,0,0,OperationalError: no such column: concert.capacity,0,0.0,0.0,0.0,4,3,0.9,1,1
dsbd,xgrammar,25,concert_singer,"SELECT stadium.Name, stadium.Capacity FROM concert, stadium WHERE concert.Stadium_ID = stadium.Stadium_ID AND concert.Year > 2013 ORDER BY count(concert_ID) DESC LIMIT 1",64,832,0,2016,2016,0,15.046210868,4.937361027,0.0,55.296313955660565,0.0,0.0,0.0,0,0,0,OperationalError: misuse of aggregate: count(),0,0.0,0.0,0.0,4,3,0.9,1,1
dsbd,xgrammar,26,concert_singer,SELECT year FROM concert GROUP BY year ORDER BY count(*) DESC LIMIT 1,64,832,0,2016,2016,0,16.54796788,6.426696307,0.0,50.278076802745154,3.867544369441935,3.867544369441935,0.07692307692307693,64,64,1,,1,1.0,0.0,0.0,4,3,0.9,1,1
dsbd,xgrammar,27,concert_singer,SELECT concert.year FROM concert GROUP BY concert.year HAVING count(*) = (SELECT max(count(*)) FROM concert),64,559,79,876,876,0,9.726081291,2.728218006,0.0,57.474329411298356,0.0,0.0,0.0,0,0,0,OperationalError: misuse of aggregate function count(),0,0.0,0.4883720930232558,0.3185483870967742,4,3,0.9,1,1
dsbd,xgrammar,28,concert_singer,SELECT DISTINCT stadium.name FROM stadium WHERE stadium.concert_ID = NULL,64,832,0,2016,2016,0,16.574248815,6.439035836,0.0,50.19835343892175,0.0,0.0,0.0,0,0,0,OperationalError: no such column: stadium.concert_ID,0,0.0,0.0,0.0,4,3,0.9,1,1
dsbd,xgrammar,29,concert_singer,SELECT name FROM stadium WHERE stadium.concert_ID IS NULL,64,832,0,2016,2016,0,15.313174092,5.220218625,0.0,54.332302042765804,0.0,0.0,0.0,0,0,0,OperationalError: no such column: stadium.concert_ID,0,0.0,0.0,0.0,4,3,0.9,1,1
dsbd,xgrammar,30,concert_singer,SELECT DISTINCT singer.Country FROM singer INNER JOIN singer_in_concert ON singer.Singer_ID = singer_in_concert.Singer_ID WHERE singer.Age > 40 OR singer.Age < 30,64,832,0,2016,2016,0,13.495809704,3.377659241,0.0,61.6487649313405,4.742212687026193,4.742212687026193,0.07692307692307693,64,64,1,,1,1.0,0.0,0.0,4,3,0.9,1,1
dsbd,xgrammar,32,concert_singer,SELECT * FROM stadium WHERE stadium.concert_ID = 2014,64,832,0,2016,2016,0,16.033768618,5.925816152,0.0,51.89048313108194,0.0,0.0,0.0,0,0,0,OperationalError: no such column: stadium.concert_ID,0,0.0,0.0,0.0,4,3,0.9,1,1
dsbd,xgrammar,33,concert_singer,"SELECT concert.concert_Name, concert.Theme, count(*) FROM concert INNER JOIN singer_in_concert ON concert.concert_ID = singer_in_concert.concert_ID GROUP BY concert.concert_ID",64,832,0,2016,2016,0,13.854852955,3.748105442,0.0,60.05116060793299,4.619320046764076,4.619320046764076,0.07692307692307693,64,64,1,,1,1.0,0.0,0.0,4,3,0.9,1,1
dsbd,xgrammar,34,concert_singer,"SELECT concert.concert_Name,concert.Theme,concert.concert_ID,count(singer.Singer_ID) FROM concert INNER JOIN singer_in_concert ON concert.concert_ID = singer_in_concert.concert_ID INNER JOIN singer ON singer_in_concert.Singer_ID = singer.Singer_ID GROUP BY concert.concert_ID,",64,832,0,2016,2016,0,13.333183129,3.256917885,0.0,62.40070296419912,0.0,0.0,0.0,0,0,0,OperationalError: incomplete input,0,0.0,0.0,0.0,4,3,0.9,1,1
dsbd,xgrammar,35,concert_singer,"SELECT Singer_ID,concert_ID,concert_Name FROM singer_in_concert WHERE concert_ID = concert_ID",64,832,0,2016,2016,0,15.040301286,4.993358315,0.0,55.3180407878167,0.0,0.0,0.0,0,0,0,OperationalError: no such column: concert_Name,0,0.0,0.0,0.0,4,3,0.9,1,1
dsbd,xgrammar,36,concert_singer,"SELECT singer.Name, count(*) FROM singer_in_concert JOIN singer ON singer_in_concert.Singer_ID = singer.Singer_ID GROUP BY singer.Name",64,832,0,2016,2016,0,14.187248603,4.123944587,0.0,58.64421095885127,4.511093150680867,4.511093150680867,0.07692307692307693,64,64,1,,1,1.0,0.0,0.0,4,3,0.9,1,1
dsbd,xgrammar,37,concert_singer,"SELECT singer.name FROM singer_in_concert, concert WHERE singer_in_concert.concert_ID = concert.concert_ID AND concert.year = 2014",64,832,0,2016,2016,0,13.518415977,3.472002024,0.0,61.545672319563955,0.0,0.0,0.0,0,0,0,OperationalError: no such column: singer.name,0,0.0,0.0,0.0,4,3,0.9,1,1
dsbd,xgrammar,38,concert_singer,SELECT DISTINCT Singer_Name FROM singer_in_concert INNER JOIN concert ON singer_in_concert.concert_ID = concert.concert_ID WHERE Year = 2014,64,832,0,2016,2016,0,14.029756365,3.963485262,0.0,59.30252659808038,0.0,0.0,0.0,0,0,0,OperationalError: no such column: Singer_Name,0,0.0,0.0,0.0,4,3,0.9,1,1
dsbd,xgrammar,39,concert_singer,"SELECT singer.Name, singer.Country FROM singer INNER JOIN singer_in_concert ON singer.Singer_ID = singer_in_concert.Singer_ID INNER JOIN concert ON concert.concert_ID = singer_in_concert.concert_ID WHERE song_name LIKE '%Hey%'",64,832,0,2016,2016,0,13.32266107,3.250559876,0.0,62.44998620234358,4.803845092487967,4.803845092487967,0.07692307692307693,64,64,1,,1,1.0,0.0,0.0,4,3,0.9,1,1
dsbd,xgrammar,40,concert_singer,"SELECT Singer_ID,Name,Country FROM singer INNER JOIN singer_in_concert ON singer.Singer_ID = singer_in_concert.Singer_ID INNER JOIN concert ON singer_in_concert.concert_ID = concert.concert_ID WHERE concert.Theme = ""Hey""",64,832,0,2016,2016,0,13.332253782,3.252974231,0.0,62.40505270933943,0.0,0.0,0.0,0,0,0,OperationalError: ambiguous column name: Singer_ID,0,0.0,0.0,0.0,4,3,0.9,1,1
dsbd,xgrammar,41,concert_singer,"SELECT stadium.Name, stadium.Location FROM stadium JOIN concert ON stadium.Stadium_ID = concert.Stadium_ID WHERE concert.Year = 2014 OR concert.Year = 2015",64,832,0,2016,2016,0,14.276995016,4.192800585,0.0,58.27556842792134,4.4827360329170265,0.0,0.07692307692307693,64,0,1,,0,0.0,0.0,0.0,4,3,0.9,1,1
dsbd,xgrammar,42,concert_singer,"SELECT stadium.Name, stadium.Location FROM concert, singer_in_concert, stadium WHERE concert.concert_ID = singer_in_concert.concert_ID AND singer_in_concert.Singer_ID = singer.Singer_ID AND concert.Year = 2014 AND concert.Year = 2015",64,832,0,2016,2016,0,12.900747151,2.821858943,0.0,64.49238871684325,0.0,0.0,0.0,0,0,0,OperationalError: no such column: singer.Singer_ID,0,0.0,0.0,0.0,4,3,0.9,1,1
dsbd,xgrammar,45,pets_1,SELECT count(*) FROM Pets WHERE weight > 10,64,832,0,2016,2016,0,15.430801323,5.489041626,0.0,53.9181331276609,4.147548702127762,4.147548702127762,0.07692307692307693,64,64,1,,1,1.0,0.0,0.0,4,3,0.9,1,1
dsbd,xgrammar,46,pets_1,SELECT count(*) FROM Pets WHERE weight > 10,64,832,0,2016,2016,0,15.83889562,5.878534551,0.0,52.528914891605304,4.040685760892716,4.040685760892716,0.07692307692307693,64,64,1,,1,1.0,0.0,0.0,4,3,0.9,1,1
dsbd,xgrammar,48,pets_1,SELECT weight FROM Pets WHERE PetType = 'dog' ORDER BY pet_age ASC LIMIT 1,64,832,0,2016,2016,0,15.068402934,5.110619179,0.0,55.21487603193131,4.247298156302408,4.247298156302408,0.07692307692307693,64,64,1,,1,1.0,0.0,0.0,4,3,0.9,1,1
dsbd,xgrammar,49,pets_1,"SELECT PetType,max(weight) FROM Pets GROUP BY PetType",64,832,0,2016,2016,0,14.748082651,4.775661359,0.0,56.41411291816878,4.339547147551444,4.339547147551444,0.07692307692307693,64,64,1,,1,1.0,0.0,0.0,4,3,0.9,1,1
dsbd,z3,0,concert_singer,SELECT count(*) FROM singer,64,715,25,82,0,82,9.091510053,0.0,0.229730432,78.64480112014677,7.0395346457194306,7.0395346457194306,0.08951048951048951,64,64,1,,1,1.0,0.16363636363636364,0.0992063492063492,4,3,0.9,1,1
dsbd,z3,1,concert_singer,SELECT count(*) FROM singer,64,702,24,79,0,79,8.930393398,0.0,0.218111719,78.60795921456449,7.166537592211008,7.166537592211008,0.09116809116809117,64,64,1,,1,1.0,0.18518518518518517,0.09836065573770492,4,3,0.9,1,1
dsbd,z3,2,concert_singer,"SELECT singer.Name, singer.Country, singer.Age FROM singer ORDER BY singer.Age DESC",64,247,101,0,0,0,3.722588914,0.0,0.23590258,66.35167237270723,17.19233616134924,17.19233616134924,0.2591093117408907,64,64,1,,1,1.0,2.3684210526315788,0.4855769230769231,4,3,0.9,1,1
dsbd,z3,3,concert_singer,"SELECT singer.Name, singer.Country, singer.Age FROM singer ORDER BY singer.Age DESC",64,221,154,0,0,0,3.551951803,0.0,0.359977633,62.2193127207813,18.01826250737558,18.01826250737558,0.2895927601809955,64,64,1,,1,1.0,2.764705882352941,0.7857142857142857,4,3,0.9,1,1
dsbd,z3,4,concert_singer,"SELECT AVG(Age),MIN(Age),MAX(Age) FROM singer WHERE Country = 'France'",65,221,150,0,0,0,3.524797018,0.0,0.334805904,62.698645871357805,18.440778197458176,18.440778197458176,0.29411764705882354,65,65,1,,1,1.0,2.823529411764706,0.75,4,3,0.9,1,1
dsbd,z3,5,concert_singer,"SELECT AVG(age),MIN(age),MAX(age) FROM singer WHERE Country = ""France""",66,221,157,0,0,0,3.54999082,0.0,0.351002291,62.25368210952162,18.591597372074332,18.591597372074332,0.2986425339366516,66,66,1,,1,1.0,2.8823529411764706,0.7696078431372549,4,3,0.9,1,1
dsbd,z3,6,concert_singer,"SELECT singer.Song_Name, singer.Song_release_year FROM singer WHERE age = (SELECT min(age) FROM singer)",64,585,30,54,0,54,7.539709597,0.0,0.183952845,77.58919524337749,8.488390590728477,8.488390590728477,0.1094017094017094,64,64,1,,1,1.0,0.4222222222222222,0.125,4,3,0.9,1,1
dsbd,z3,7,concert_singer,"SELECT s.Song_Name,s.Song_release_year FROM singer s,concert c,singer_in_concert sc WHERE s.Singer_ID = sc.Singer_ID AND c.concert_ID = sc.concert_ID AND s.Age = (SELECT min(s.Age) FROM singer s)",64,299,103,3,0,3,4.337609041,0.0,0.255480383,68.93198468875102,14.754672307960083,14.754672307960083,0.2140468227424749,64,64,1,,1,1.0,1.7826086956521738,0.47685185185185186,4,3,0.9,1,1
dsbd,z3,8,concert_singer,SELECT distinct Country FROM singer WHERE age > 20,65,247,105,0,0,0,3.708452301,0.0,0.236030148,66.604604819481,17.527527584073948,17.527527584073948,0.2631578947368421,65,65,1,,1,1.0,2.4210526315789473,0.5147058823529411,4,3,0.9,1,1
dsbd,z3,9,concert_singer,SELECT DISTINCT Country FROM singer WHERE Age > 20,64,208,159,0,0,0,3.400675207,0.0,0.356078198,61.16432394715312,18.81979198373942,18.81979198373942,0.3076923076923077,64,64,1,,1,1.0,3.0,0.828125,4,3,0.9,1,1
dsbd,z3,10,concert_singer,"SELECT country,count(*) FROM singer GROUP BY country",67,247,124,0,0,0,3.774358868,0.0,0.278333344,65.44157793105751,17.7513591958739,17.7513591958739,0.27125506072874495,67,67,1,,1,1.0,2.526315789473684,0.5849056603773585,4,3,0.9,1,1
dsbd,z3,11,concert_singer,"SELECT COUNT(singer.Country),singer.Country FROM singer GROUP BY singer.Country",65,273,91,0,0,0,3.992550867,0.0,0.21078529,68.37733797118332,16.28031856456746,16.28031856456746,0.23809523809523808,65,65,1,,1,1.0,2.0952380952380953,0.41363636363636364,4,3,0.9,1,1
dsbd,z3,12,concert_singer,"SELECT song_Name FROM singer_in_concert,concert,singer WHERE singer_in_concert.concert_ID = concert.concert_ID AND singer_in_concert.Singer_ID = singer.Singer_ID AND singer.age > (SELECT avg(singer.age) FROM singer)",64,286,115,8,0,8,4.231018775,0.0,0.290111202,67.59601297207668,15.126380525219957,0.0,0.22377622377622378,64,0,1,,0,0.0,1.9090909090909092,0.5424528301886793,4,3,0.9,1,1
dsbd,z3,13,concert_singer,SELECT DISTINCT singer.Song_Name FROM singer WHERE singer.Age > (SELECT avg(Age) FROM singer),64,585,47,42,0,42,7.582797727,0.0,0.199072731,77.1483060819354,8.440156562810026,8.440156562810026,0.1094017094017094,64,64,1,,1,1.0,0.4222222222222222,0.19262295081967212,4,3,0.9,1,1
dsbd,z3,14,concert_singer,"SELECT Location, Name FROM stadium WHERE Capacity BETWEEN 5000 AND 10000",66,221,178,0,0,0,3.616713963,0.0,0.398595202,61.10519169082546,18.24860928323294,18.24860928323294,0.2986425339366516,66,66,1,,1,1.0,2.8823529411764706,0.8725490196078431,4,3,0.9,1,1
dsbd,z3,15,concert_singer,"SELECT stadium.Location,stadium.Name FROM stadium WHERE stadium.Capacity BETWEEN 5000 AND 10000",66,221,177,0,0,0,3.627691534,0.0,0.411195861,60.92028440916498,18.19338810409452,18.19338810409452,0.2986425339366516,66,66,1,,1,1.0,2.8823529411764706,0.885,4,3,0.9,1,1
dsbd,z3,16,concert_singer,"SELECT MAX(capacity) FROM stadium, SELECT AVG(capacity) FROM stadium",64,624,31,53,0,53,8.007347091,0.0,0.190566264,77.92843159020244,0.0,0.0,0.0,0,0,0,"OperationalError: near ""SELECT"": syntax error",0,0.0,0.3333333333333333,0.12916666666666668,4,3,0.9,1,1
dsbd,z3,17,concert_singer,"SELECT AVG(Capacity),MAX(Capacity) FROM stadium",64,637,44,59,0,59,8.190432905,0.0,0.218495994,77.77366683647841,7.813994784198773,7.813994784198773,0.10047095761381476,64,64,1,,1,1.0,0.30612244897959184,0.18333333333333332,4,3,0.9,1,1
dsbd,z3,18,concert_singer,"SELECT stadium.Name, stadium.Capacity FROM concert JOIN singer_in_concert ON concert.concert_ID = singer_in_concert.concert_ID JOIN stadium ON concert.Stadium_ID = stadium.Stadium_ID GROUP BY stadium.Stadium_ID HAVING COUNT(singer_in_concert.Singer_ID) = (SELECT COUNT(singer_in_concert",66,273,132,0,0,0,4.117177644,0.0,0.320281034,66.3075591109957,0.0,0.0,0.0,0,0,0,OperationalError: incomplete input,0,0.0,2.142857142857143,0.6226415094339622,4,3,0.9,1,1
dsbd,z3,19,concert_singer,"SELECT stadium.Name, stadium.Capacity FROM stadium WHERE stadium.Average = (SELECT max(stadium.Average) FROM stadium)",64,533,47,38,0,38,6.973636102,0.0,0.193794836,76.43071594274019,9.17742180175492,9.17742180175492,0.1200750469043152,64,64,1,,1,1.0,0.5609756097560976,0.2025862068965517,4,3,0.9,1,1
dsbd,z3,20,concert_singer,SELECT count(*) FROM concert WHERE year = 2014 or year = 2015,67,234,168,0,0,0,3.742600613,0.0,0.376514428,62.52336922812341,17.901990334548156,17.901990334548156,0.2863247863247863,67,67,1,,1,1.0,2.7222222222222223,0.8076923076923077,4,3,0.9,1,1
dsbd,z3,21,concert_singer,"SELECT count(*) FROM concert WHERE year in (2014,2015)",67,234,167,0,0,0,3.735065813,0.0,0.37433186,62.64949848689587,17.938104267615486,17.938104267615486,0.2863247863247863,67,67,1,,1,1.0,2.7222222222222223,0.8028846153846154,4,3,0.9,1,1
dsbd,z3,22,concert_singer,"SELECT stadium.Name, count(*) FROM concert, stadium, singer_in_concert WHERE concert.concert_ID = singer_in_concert.concert_ID AND stadium.Stadium_ID = concert.Stadium_ID GROUP BY stadium.Name",64,234,140,0,0,0,3.678731927,0.0,0.336355698,63.60887518945329,17.39729919711543,0.0,0.27350427350427353,64,0,1,,0,0.0,2.5555555555555554,0.7,4,3,0.9,1,1
dsbd,z3,23,concert_singer,"SELECT stadium.name, count(*) FROM concert, stadium, singer_in_concert WHERE concert.stadium_ID = stadium.stadium_ID AND singer_in_concert.concert_ID = concert.concert_ID GROUP BY stadium.name",65,234,120,0,0,0,3.622209269,0.0,0.290705674,64.60145801145318,17.944849447625884,0.0,0.2777777777777778,65,0,1,,0,0.0,2.611111111111111,0.6,4,3,0.9,1,1
dsbd,z3,24,concert_singer,"SELECT s.Name, s.Capacity FROM stadium s, concert c WHERE c.Year >= 2014 AND s.Stadium_ID = c.Stadium_ID GROUP BY s.Name, s.Capacity HAVING COUNT(*) = (SELECT MAX(COUNT(*)) FROM stadium s1, concert c1 WHERE c1.Year",64,221,114,0,0,0,3.46453533,0.0,0.272280355,63.789218163348906,0.0,0.0,0.0,0,0,0,OperationalError: incomplete input,0,0.0,2.764705882352941,0.57,4,3,0.9,1,1
dsbd,z3,25,concert_singer,"SELECT stadium.Name, stadium.Capacity FROM stadium JOIN concert ON stadium.Stadium_ID = concert.Stadium_ID WHERE concert.Year > 2013 ORDER BY concert_ID DESC LIMIT 1",65,247,134,0,0,0,3.820992253,0.0,0.320813427,64.64289473658873,17.01128808857598,0.0,0.2631578947368421,65,0,1,,0,0.0,2.4210526315789473,0.6568627450980392,4,3,0.9,1,1
dsbd,z3,26,concert_singer,"SELECT concert.year, count(concert.concert_ID) FROM concert GROUP BY concert.year ORDER BY count(concert.concert_ID) DESC LIMIT 1",67,273,116,0,0,0,4.057584752,0.0,0.271301923,67.28140425543475,16.51228602605908,0.0,0.2454212454212454,67,0,1,,0,0.0,2.1904761904761907,0.5370370370370371,4,3,0.9,1,1
dsbd,z3,27,concert_singer,"SELECT Year, COUNT(*) FROM concert GROUP BY Year ORDER BY COUNT(*) DESC LIMIT 1",66,234,164,0,0,0,3.718975821,0.0,0.36892192,62.920548899153495,17.746821484376625,0.0,0.28205128205128205,66,0,1,,0,0.0,2.6666666666666665,0.803921568627451,4,3,0.9,1,1
dsbd,z3,28,concert_singer,SELECT name FROM stadium WHERE stadium.concert_ID = null,64,754,11,81,0,81,9.489172141,0.0,0.183812833,79.45898638956939,0.0,0.0,0.0,0,0,0,OperationalError: no such column: stadium.concert_ID,0,0.0,0.10344827586206896,0.04365079365079365,4,3,0.9,1,1
dsbd,z3,29,concert_singer,SELECT Name FROM stadium WHERE stadium.concert_ID = NULL,64,741,15,85,0,85,9.369729162,0.0,0.200015183,79.08446308194367,0.0,0.0,0.0,0,0,0,OperationalError: no such column: stadium.concert_ID,0,0.0,0.12280701754385964,0.05952380952380952,4,3,0.9,1,1
dsbd,z3,30,concert_singer,SELECT DISTINCT country FROM singer WHERE age > 40 OR age < 30,65,234,117,0,0,0,3.601476091,0.0,0.263212725,64.97335928031293,18.048155355642482,0.0,0.2777777777777778,65,0,1,,0,0.0,2.611111111111111,0.585,4,3,0.9,1,1
dsbd,z3,31,concert_singer,SELECT Name FROM stadium WHERE concert_ID not in (SELECT concert_ID FROM concert WHERE year = 2014),67,234,170,0,0,0,3.75612762,0.0,0.386730106,62.29820274317517,0.0,0.0,0.0,0,0,0,OperationalError: no such column: concert_ID,0,0.0,2.7222222222222223,0.8173076923076923,4,3,0.9,1,1
dsbd,z3,32,concert_singer,"SELECT stadium.name FROM stadium,concert WHERE concert.concert_ID NOT IN (SELECT concert_in_concert.concert_ID FROM concert_in_concert WHERE!concert_in!concert.year =!!201!4!)",64,598,59,53,0,53,7.789502786,0.0,0.246844883,76.7699834544998,0.0,0.0,0.0,0,0,0,"OperationalError: unrecognized token: ""!""",0,0.0,0.391304347826087,0.24583333333333332,4,3,0.9,1,1
dsbd,z3,33,concert_singer,"SELECT concert.concert_Name,concert.Theme,count(*) FROM concert,singer_in_concert WHERE concert.concert_ID = singer_in_concert.concert_ID GROUP BY concert.concert_Name,concert.Theme",65,234,141,0,0,0,3.707703335,0.0,0.337975392,63.11184548965539,17.53106819157094,17.53106819157094,0.2777777777777778,65,65,1,,1,1.0,2.611111111111111,0.6911764705882353,4,3,0.9,1,1
dsbd,z3,34,concert_singer,"SELECT concert_Name,Theme,count(Singer_ID) FROM concert, singer_in_concert, singer WHERE concert.concert_ID = singer_in_concert.concert_ID AND singer.Singer_ID = singer_in_concert.Singer_ID GROUP BY concert_Name,Theme",67,247,123,0,0,0,3.8463359,0.0,0.309700394,64.21696035439858,0.0,0.0,0.0,0,0,0,OperationalError: ambiguous column name: Singer_ID,0,0.0,2.526315789473684,0.5913461538461539,4,3,0.9,1,1
dsbd,z3,35,concert_singer,"SELECT singer.Name, count(*) FROM singer_in_concert JOIN singer ON singer_in_concert.Singer_ID = singer.Singer_ID GROUP BY singer.Name",66,221,145,0,0,0,3.573111407,0.0,0.351828178,61.85085625011412,18.471296436685666,18.471296436685666,0.2986425339366516,66,66,1,,1,1.0,2.8823529411764706,0.725,4,3,0.9,1,1
dsbd,z3,36,concert_singer,"SELECT singer.Name, count(concert.concert_ID) FROM singer_in_concert JOIN concert ON singer_in_concert.concert_ID = concert.concert_ID JOIN singer ON singer_in_concert.Singer_ID = singer.Singer_ID GROUP BY singer.Name",66,234,143,0,0,0,3.684292072,0.0,0.34397043,63.512879931089245,17.913889211332865,17.913889211332865,0.28205128205128205,66,66,1,,1,1.0,2.6666666666666665,0.7009803921568627,4,3,0.9,1,1
dsbd,z3,37,concert_singer,"SELECT concert.concert_Name,singer.Name FROM concert JOIN singer_in_concert ON concert.concert_ID = singer_in_concert.concert_ID JOIN singer ON singer_in_concert.Singer_ID = singer.Singer_ID WHERE concert.Year = 2014",65,221,132,0,0,0,3.495041387,0.0,0.318490648,63.23244148753767,18.597776908099313,0.0,0.29411764705882354,65,0,1,,0,0.0,2.823529411764706,0.66,4,3,0.9,1,1
dsbd,z3,38,concert_singer,"SELECT name FROM singer_in_concert,concert,singer WHERE singer_in_concert.concert_ID = concert.concert_ID AND singer_in_concert.Singer_ID = singer.Singer_ID AND Year = 2014",65,247,131,0,0,0,3.795450124,0.0,0.311845371,65.07792012286762,17.125768453386215,17.125768453386215,0.2631578947368421,65,65,1,,1,1.0,2.4210526315789473,0.6421568627450981,4,3,0.9,1,1
dsbd,z3,39,concert_singer,"SELECT singer.Name, singer.Country FROM singer INNER JOIN singer_in_concert ON singer.Singer_ID = singer_in_concert.Singer_ID INNER JOIN concert ON singer_in_concert.concert_ID = concert.concert_ID WHERE song_name LIKE '%Hey%'",64,247,121,0,0,0,3.770176324,0.0,0.291854307,65.51417726212425,16.975333379659727,16.975333379659727,0.2591093117408907,64,64,1,,1,1.0,2.3684210526315788,0.605,4,3,0.9,1,1
dsbd,z3,40,concert_singer,"SELECT singer.Name, singer.Country FROM singer JOIN singer_in_concert ON singer.Singer_ID = singer_in_concert.Singer_ID JOIN concert ON concert.concert_ID = singer_in_concert.concert_ID WHERE Song_Name LIKE '%Hey%'",66,247,112,0,0,0,3.760125436,0.0,0.270311532,65.68929792479402,17.552605923224313,17.552605923224313,0.26720647773279355,66,66,1,,1,1.0,2.473684210526316,0.5384615384615384,4,3,0.9,1,1
dsbd,z3,41,concert_singer,"SELECT stadium.Name,stadium.Location FROM concert JOIN singer_in_concert ON concert.concert_ID = singer_in_concert.concert_ID JOIN stadium ON concert.Stadium_ID = stadium.Stadium_ID WHERE concert.Year = 2014 AND concert.Year = 2015",66,234,151,0,0,0,3.737990659,0.0,0.367548307,62.60047746149277,17.65654492503642,0.0,0.28205128205128205,66,0,1,,0,0.0,2.6666666666666665,0.7259615384615384,4,3,0.9,1,1
dsbd,z3,42,concert_singer,"SELECT stadium.location, stadium.name FROM concert, stadium, singer_in_concert WHERE concert.concert_ID = singer_in_concert.concert_ID AND concert.year = 2014 AND singer_in_concert.concert_ID = stadium.stadium_ID AND stadium.location = singer_in_concert.location AND concert.con!concert_ID!",64,351,112,6,0,6,4.998545427,0.0,0.284421375,70.22042814776644,0.0,0.0,0.0,0,0,0,"OperationalError: unrecognized token: ""!""",0,0.0,1.3703703703703705,0.5,4,3,0.9,1,1
dsbd,z3,43,concert_singer,SELECT count(*) FROM concert WHERE concert.stadium_ID = (SELECT stadium_ID FROM stadium ORDER BY capacity DESC LIMIT 1),67,234,143,0,0,0,3.683905144,0.0,0.330449735,63.51955081718575,18.187221815177118,18.187221815177118,0.2863247863247863,67,67,1,,1,1.0,2.7222222222222223,0.6875,4,3,0.9,1,1
dsbd,z3,44,concert_singer,SELECT count(*) FROM concert WHERE stadium_ID = (SELECT Stadium_ID FROM stadium ORDER BY Capacity DESC LIMIT 1),64,221,154,0,0,0,3.548773729,0.0,0.350606726,62.27503269482189,18.03439860845521,18.03439860845521,0.2895927601809955,64,64,1,,1,1.0,2.764705882352941,0.7857142857142857,4,3,0.9,1,1
dsbd,z3,45,pets_1,SELECT COUNT(*) FROM Has_Pet JOIN Pets ON Has_Pet.PetID = Pets.PetID WHERE Pets.weight > 10,65,247,161,0,0,0,3.714722886,0.0,0.304339312,66.49217386602119,17.497940491058205,17.497940491058205,0.2631578947368421,65,65,1,,1,1.0,2.4210526315789473,0.7892156862745098,4,3,0.9,1,1
dsbd,z3,46,pets_1,"SELECT count(*) FROM Has_Pet, Pets WHERE Pets.weight > 10 AND Pets.PetID = Has_Pet.PetID",65,234,145,0,0,0,3.522410003,0.0,0.273158916,66.43178954201942,18.453274872783172,18.453274872783172,0.2777777777777778,65,65,1,,1,1.0,2.611111111111111,0.7107843137254902,4,3,0.9,1,1
dsbd,z3,47,pets_1,"SELECT Pets.weight FROM Has_Pet, Pets, Student WHERE Has_Pet.PetID = Pets.PetID AND Student.StuID = Has_Pet.StuID AND Pets.PetType = 'dog' AND Pets.pet_age = (SELECT min(Pets.pet_age) FROM Has_Pet, Pets WHERE",64,247,116,0,0,0,3.607162847,0.0,0.226618825,68.4748680546609,0.0,0.0,0.0,0,0,0,OperationalError: incomplete input,0,0.0,2.3684210526315788,0.5686274509803921,4,3,0.9,1,1
dsbd,z3,48,pets_1,"SELECT min(weight) FROM Pets WHERE PetType = ""dog"" AND PetID IN (SELECT PetID FROM Has_Pet WHERE StuID IN (SELECT StuID FROM Student WHERE Age = (SELECT min(Age) FROM Student)))",64,325,104,14,0,14,4.496062712,0.0,0.213940833,72.28546860180006,14.234676893892935,0.0,0.19692307692307692,64,0,1,,0,0.0,1.56,0.49056603773584906,4,3,0.9,1,1
dsbd,z3,49,pets_1,"SELECT Pets.PetType,max(Pets.weight) FROM Has_Pet, Pets WHERE Has_Pet.PetID = Pets.PetID group by Pets.PetType",64,221,131,0,0,0,3.34967976,0.0,0.253088884,65.97645620905564,19.106304060541,19.106304060541,0.2895927601809955,64,64,1,,1,1.0,2.764705882352941,0.6683673469387755,4,3,0.9,1,1
dsbd,both,0,concert_singer,SELECT count(*) FROM singer,64,832,0,2025,2016,9,13.456805182,3.360231037,0.020790164,61.827453749043954,4.755957980695689,4.755957980695689,0.07692307692307693,64,64,1,,1,1.0,0.0,0.0,4,3,0.9,1,1
dsbd,both,1,concert_singer,SELECT count(*) FROM singer,64,832,0,2016,2016,0,14.449389693,4.393125028,0.0,57.580286619514595,4.429252816885738,4.429252816885738,0.07692307692307693,64,64,1,,1,1.0,0.0,0.0,4,3,0.9,1,1
dsbd,both,2,concert_singer,"SELECT singer.Name, singer.Country, singer.Age FROM singer ORDER BY singer.Age DESC",64,832,0,2016,2016,0,14.362508255,4.289479099,0.0,57.92860029934931,4.456046176873024,4.456046176873024,0.07692307692307693,64,64,1,,1,1.0,0.0,0.0,4,3,0.9,1,1
dsbd,both,3,concert_singer,"SELECT Singer_ID,Name,Country,Age FROM singer ORDER BY Age DESC",64,832,0,2016,2016,0,14.270176359,4.227913387,0.0,58.303413992166206,4.4848779993974,0.0,0.07692307692307693,64,0,1,,0,0.0,0.0,0.0,4,3,0.9,1,1
dsbd,both,4,concert_singer,"SELECT avg(Age), min(Age), max(Age) FROM singer WHERE country = 'France'",64,832,0,2016,2016,0,14.642789764,4.607871972,0.0,56.81977365034031,4.370751819256947,4.370751819256947,0.07692307692307693,64,64,1,,1,1.0,0.0,0.0,4,3,0.9,1,1
dsbd,both,5,concert_singer,SELECT avg(age) FROM singer WHERE Country = 'France' UNION ALL SELECT min(age) FROM singer WHERE Country = 'France' UNION ALL SELECT max(age) FROM singer WHERE Country = 'France',64,832,0,2016,2016,0,16.081198941,6.043560303,0.0,51.73743593699131,3.979802764383947,0.0,0.07692307692307693,64,0,1,,0,0.0,0.0,0.0,4,3,0.9,1,1
dsbd,both,8,concert_singer,SELECT DISTINCT Country FROM singer WHERE age > 20,64,832,0,2016,2016,0,16.470554121,6.41533923,0.0,50.51439034095385,3.885722333919527,3.885722333919527,0.07692307692307693,64,64,1,,1,1.0,0.0,0.0,4,3,0.9,1,1
dsbd,both,9,concert_singer,SELECT DISTINCT Country FROM singer WHERE Age > 20,64,819,4,1953,1953,0,13.106408614,3.189092932,0.009573882,62.48851413995752,4.883107332060172,4.883107332060172,0.07814407814407814,64,64,1,,1,1.0,0.015873015873015872,0.015625,4,3,0.9,1,1
dsbd,both,10,concert_singer,"SELECT singer.Country, count(*) FROM singer GROUP BY singer.Country",64,832,0,2016,2016,0,14.337178483,4.288116303,0.0,58.030943883869895,4.463918760297685,4.463918760297685,0.07692307692307693,64,64,1,,1,1.0,0.0,0.0,4,3,0.9,1,1
dsbd,both,11,concert_singer,"SELECT COUNT(singer.Country) AS ""singers from each country"", singer.Country FROM singer GROUP BY singer.Country",64,819,1,1953,1953,0,18.460978498,8.587836487,0.002883687,44.363845615698416,3.4667718185649554,3.4667718185649554,0.07814407814407814,64,64,1,,1,1.0,0.015873015873015872,0.00390625,4,3,0.9,1,1
dsbd,both,14,concert_singer,"SELECT stadium.Location,stadium.Name FROM stadium WHERE Capacity BETWEEN 5000 AND 10000",64,832,0,2016,2016,0,15.951895353,5.781610964,0.0,52.1568115630554,4.012062427927338,4.012062427927338,0.07692307692307693,64,64,1,,1,1.0,0.0,0.0,4,3,0.9,1,1
dsbd,both,15,concert_singer,"SELECT location, name FROM stadium WHERE Capacity BETWEEN 5000 AND 10000",64,819,4,1953,1953,0,14.088027453,4.079242196,0.010065856,58.1344693380475,4.542864514816899,4.542864514816899,0.07814407814407814,64,64,1,,1,1.0,0.015873015873015872,0.015625,4,3,0.9,1,1
dsbd,both,16,concert_singer,"SELECT MAX(capacity) AS max_capacity, AVG(capacity) AS average_capacity FROM stadium",64,832,0,2016,2016,0,14.065100763,4.015561348,0.0,59.15350440920265,4.550269569938665,0.0,0.07692307692307693,64,0,1,,0,0.0,0.0,0.0,4,3,0.9,1,1
dsbd,both,17,concert_singer,"SELECT AVG(Capacity), MAX(Capacity) FROM stadium",64,832,0,2025,2016,9,13.582880692,3.526392956,0.020489546,61.253574912870185,4.711813454836168,4.711813454836168,0.07692307692307693,64,64,1,,1,1.0,0.0,0.0,4,3,0.9,1,1
dsbd,both,18,concert_singer,"SELECT concert.concert_Name,stadium.Capacity FROM concert JOIN stadium ON concert.Stadium_ID = stadium.Stadium_ID ORDER BY stadium.Average DESC LIMIT 1",64,832,0,2016,2016,0,14.128473094,4.07007471,0.0,58.88817528012486,4.529859636932682,0.0,0.07692307692307693,64,0,1,,0,0.0,0.0,0.0,4,3,0.9,1,1
dsbd,both,19,concert_singer,"SELECT s.Name, s.Capacity FROM stadium s, concert c, singer_in_concert si WHERE s.Stadium_ID = c.Stadium_ID AND c.concert_ID = si.concert_ID AND si.Singer_ID = (SELECT s2.Singer_ID FROM singer s2, concert c2, singer_in_concert si",66,715,36,1464,1464,0,13.494322024,4.667146974,0.092711926,52.98524807162257,0.0,0.0,0.0,0,0,0,OperationalError: incomplete input,0,0.0,0.2,0.14285714285714285,4,3,0.9,1,1
dsbd,both,20,concert_singer,SELECT count(*) FROM concert WHERE year = 2014 OR year = 2015,64,832,0,2016,2016,0,16.840674506,6.794178352,0.0,49.40419694612439,3.8003228420095683,3.8003228420095683,0.07692307692307693,64,64,1,,1,1.0,0.0,0.0,4,3,0.9,1,1
dsbd,both,21,concert_singer,"SELECT count(*) FROM concert WHERE year IN (2014,2015)",64,832,0,2016,2016,0,14.93591934,4.893816618,0.0,55.70463933691811,4.284972256686008,4.284972256686008,0.07692307692307693,64,64,1,,1,1.0,0.0,0.0,4,3,0.9,1,1
dsbd,both,22,concert_singer,"SELECT stadium.Name, count(*) FROM stadium, concert, singer_in_concert WHERE concert.Stadium_ID = stadium.Stadium_ID AND singer_in_concert.concert_ID = concert.concert_ID GROUP BY stadium.Name",64,832,0,2016,2016,0,13.239995395,3.197926033,0.0,62.83990101040364,4.833838539261818,0.0,0.07692307692307693,64,0,1,,0,0.0,0.0,0.0,4,3,0.9,1,1
dsbd,both,23,concert_singer,"SELECT stadium.Name, count(*) FROM concert JOIN stadium ON concert.Stadium_ID = stadium.Stadium_ID GROUP BY stadium.Name",64,819,4,1953,1953,0,12.927260533,3.025617981,0.010159103,63.354490141921545,4.950778228428546,4.950778228428546,0.07814407814407814,64,64,1,,1,1.0,0.015873015873015872,0.015625,4,3,0.9,1,1
dsbd,both,24,concert_singer,"SELECT stadium.name,stadium.capacity FROM stadium JOIN singer_in_concert ON singer_in_concert.Stadium_ID = stadium.Stadium_ID JOIN concert ON concert.concert_ID = singer_in_concert.concert_ID WHERE concert.Year >= 2014 GROUP BY stadium.name,stadium.capacity HAVING COUNT(*) = (! SELECT",64,832,0,2018,2016,2,13.694213872,3.63537968,0.004838887,60.755586832272016,0.0,0.0,0.0,0,0,0,"OperationalError: unrecognized token: ""!""",0,0.0,0.0,0.0,4,3,0.9,1,1
dsbd,both,25,concert_singer,"SELECT stadium.Name, stadium.Capacity FROM stadium INNER JOIN concert ON stadium.Stadium_ID = concert.Stadium_ID WHERE concert.Year > 2013 ORDER BY count(*) DESC LIMIT 1",64,832,0,2016,2016,0,14.394685512,4.34092888,0.0,57.799109213355905,0.0,0.0,0.0,0,0,0,OperationalError: misuse of aggregate: count(),0,0.0,0.0,0.0,4,3,0.9,1,1
dsbd,both,26,concert_singer,SELECT year FROM concert group by year order by count(*) desc,64,819,4,1953,1953,0,13.464502264,3.568908896,0.009383745,60.826607916265715,4.75323920224787,0.0,0.07814407814407814,64,0,1,,0,0.0,0.015873015873015872,0.015625,4,3,0.9,1,1
dsbd,both,27,concert_singer,SELECT year FROM concert GROUP BY year ORDER BY count(*) DESC LIMIT 1,64,819,4,1953,1953,0,13.263921188,3.355772402,0.009408058,61.74644649886471,4.825119140326424,4.825119140326424,0.07814407814407814,64,64,1,,1,1.0,0.015873015873015872,0.015625,4,3,0.9,1,1
dsbd,both,29,concert_singer,SELECT * FROM stadium WHERE concert_ID IS NULL,64,832,0,2016,2016,0,15.248081221,5.205154571,0.0,54.5642424080317,0.0,0.0,0.0,0,0,0,OperationalError: no such column: concert_ID,0,0.0,0.0,0.0,4,3,0.9,1,1
dsbd,both,30,concert_singer,SELECT country FROM singer WHERE age > 40 UNION SELECT country FROM singer WHERE age < 30,64,832,0,2016,2016,0,14.132641588,4.075342905,0.0,58.87080591546662,4.528523531958971,0.0,0.07692307692307693,64,0,1,,0,0.0,0.0,0.0,4,3,0.9,1,1
dsbd,both,31,concert_singer,SELECT * FROM stadium WHERE stadium.concert_ID!= 'concert_ID' AND concert.year = '2014',64,832,0,2016,2016,0,14.452689956,4.396699803,0.0,57.56713819593128,0.0,0.0,0.0,0,0,0,OperationalError: no such column: stadium.concert_ID,0,0.0,0.0,0.0,4,3,0.9,1,1
dsbd,both,32,concert_singer,SELECT stadium.Name FROM stadium LEFT JOIN concert ON stadium.Stadium_ID = concert.Stadium_ID WHERE concert.concert_ID IS NULL AND concert.Year = 2014,64,832,0,2016,2016,0,13.96584622,3.911071641,0.0,59.57390528964309,4.582608099203315,0.0,0.07692307692307693,64,0,1,,0,0.0,0.0,0.0,4,3,0.9,1,1
dsbd,both,33,concert_singer,"SELECT concert.concert_Name,concert.Theme,concert_ID,count(*) FROM concert,singer_in_concert,singer WHERE concert.concert_ID = singer_in_concert.concert_ID AND singer_in_concert.singer_ID = singer.Singer_ID GROUP BY concert.concert_ID",64,832,0,2016,2016,0,13.361570885,3.310451881,0.0,62.2681275398555,0.0,0.0,0.0,0,0,0,OperationalError: ambiguous column name: concert_ID,0,0.0,0.0,0.0,4,3,0.9,1,1
dsbd,both,34,concert_singer,"SELECT concert_name,theme,count(singer_name) FROM concert, singer_in_concert, singer WHERE concert.concert_ID = singer_in_concert.concert_ID and singer_in_concert.Singer_ID = singer.Singer_ID GROUP BY concert_name,theme",64,832,0,2016,2016,0,13.137260913,3.084013013,0.0,63.331314305913864,0.0,0.0,0.0,0,0,0,OperationalError: no such column: singer_name,0,0.0,0.0,0.0,4,3,0.9,1,1
dsbd,both,35,concert_singer,"SELECT s.name, count(*) FROM singer_in_concert sic INNER JOIN singer s ON sic.Singer_ID = s.Singer_ID GROUP BY s.name",64,832,0,2016,2016,0,14.552885844,4.508624836,0.0,57.17079134122561,4.397753180094278,4.397753180094278,0.07692307692307693,64,64,1,,1,1.0,0.0,0.0,4,3,0.9,1,1
dsbd,both,36,concert_singer,"SELECT singer.name, count(*) FROM singer_in_concert,concert, singer WHERE concert.concert_ID = singer_in_concert.concert_ID AND singer_in_concert.Singer_ID = singer.Singer_ID GROUP BY singer.name",64,832,0,2016,2016,0,13.491559251,3.364332145,0.0,61.66818708803668,4.743706699079745,4.743706699079745,0.07692307692307693,64,64,1,,1,1.0,0.0,0.0,4,3,0.9,1,1
dsbd,both,37,concert_singer,"SELECT singer.Name FROM singer_in_concert,concert,singer WHERE concert.Year = 2014 AND singer_in_concert.concert_ID = concert.concert_ID AND singer_in_concert.Singer_ID = singer.Singer_ID",64,832,0,2016,2016,0,13.050538917,2.924033797,0.0,63.752156542456135,4.904012041727395,4.904012041727395,0.07692307692307693,64,64,1,,1,1.0,0.0,0.0,4,3,0.9,1,1
dsbd,both,38,concert_singer,SELECT name FROM singer_in_concert JOIN concert ON singer_in_concert.concert_ID = concert.concert_ID WHERE Year = 2014,64,819,4,1953,1953,0,12.814482707,2.816810108,0.010273508,63.91206096463149,0.0,0.0,0.0,0,0,0,OperationalError: no such column: name,0,0.0,0.015873015873015872,0.015625,4,3,0.9,1,1
dsbd,both,39,concert_singer,"SELECT s.Name,s.Country FROM singer_in_concert sic JOIN singer s ON sic.Singer_ID = s.Singer_ID WHERE sic.Singer_ID IN (SELECT s.Singer_ID FROM singer s JOIN song ss! ON!s.Singer_ID =!ss!Singer_ID WHERE ss!Song_Name LIKE '%Hey",64,741,16,1480,1470,10,24.039271767,14.866095554,0.063047577,30.824561042535844,0.0,0.0,0.0,0,0,0,"OperationalError: unrecognized token: ""!""",0,0.0,0.12280701754385964,0.06451612903225806,4,3,0.9,1,1
dsbd,both,40,concert_singer,"SELECT singer.Name,singer.Country FROM singer JOIN singer_in_concert ON singer.Singer_ID = singer_in_concert.Singer_ID JOIN concert ON singer_in_concert.concert_ID = concert.concert_ID WHERE song_name LIKE '%Hey%'",64,832,0,2016,2016,0,12.700204807,2.548330147,0.0,65.51075456211736,5.0392888124705655,5.0392888124705655,0.07692307692307693,64,64,1,,1,1.0,0.0,0.0,4,3,0.9,1,1
dsbd,both,41,concert_singer,"SELECT stadium.Name, stadium.Location FROM stadium JOIN concert ON stadium.Stadium_ID = concert.Stadium_ID WHERE concert.Year = 2014 AND concert.Year = 2015",64,832,0,2016,2016,0,15.155991635,4.999322583,0.0,54.895781156189585,4.222752396629969,0.0,0.07692307692307693,64,0,1,,0,0.0,0.0,0.0,4,3,0.9,1,1
dsbd,both,42,concert_singer,"SELECT stadium.location, stadium.name FROM stadium, concert WHERE concert.year IN (2014, 2015) AND stadium.Stadium_ID = concert.Stadium_ID",64,832,0,2016,2016,0,14.880149059,4.725592056,0.0,55.91341838721563,4.301032183631971,0.0,0.07692307692307693,64,0,1,,0,0.0,0.0,0.0,4,3,0.9,1,1
dsbd,both,45,pets_1,SELECT count(*) FROM Pets WHERE weight > 10,64,832,0,2016,2016,0,14.258214139,4.235874066,0.0,58.352328832280556,4.488640679406196,4.488640679406196,0.07692307692307693,64,64,1,,1,1.0,0.0,0.0,4,3,0.9,1,1
dsbd,both,46,pets_1,SELECT count(*) FROM Pets WHERE weight > 10,64,832,0,2016,2016,0,15.599604791,5.591549389,0.0,53.334684509444244,4.102668039188019,4.102668039188019,0.07692307692307693,64,64,1,,1,1.0,0.0,0.0,4,3,0.9,1,1
dsbd,both,48,pets_1,SELECT min(weight) FROM Pets WHERE PetType = 'dog',64,832,0,2016,2016,0,14.633899787,4.622182649,0.0,56.85429120808288,4.373407016006375,4.373407016006375,0.07692307692307693,64,64,1,,1,1.0,0.0,0.0,4,3,0.9,1,1
dsbd,both,49,pets_1,"SELECT MAX(weight),PetType FROM Pets GROUP BY PetType",64,832,0,2016,2016,0,13.665579655,3.639691047,0.0,60.88289124973821,4.683299326902939,4.683299326902939,0.07692307692307693,64,64,1,,1,1.0,0.0,0.0,4,3,0.9,1,1
